Url,Broken Destination URL,Anchor Text
https://whattime.city/dubai/guide/,https://whattime.city/dubai/guide/best-time-to-call/,📞 Best Time to Call
https://whattime.city/dubai/guide/,https://whattime.city/dubai/guide/public-holidays/,🇦🇪 UAE Holidays
https://whattime.city/istanbul/guide/,https://whattime.city/istanbul/guide/best-time-to-call/,📞 Best Time to Call
https://whattime.city/istanbul/guide/,https://whattime.city/istanbul/guide/public-holidays/,🇹🇷 Turkish Holidays
https://whattime.city/london/guide/,https://whattime.city/london/guide/best-time-to-call/,📞 Best Time to Call
https://whattime.city/london/guide/,https://whattime.city/london/guide/public-holidays/,🇬🇧 UK Holidays
https://whattime.city/new-york/guide/,https://whattime.city/new-york/guide/best-time-to-call/,📞 Best Time to Call
https://whattime.city/new-york/guide/,https://whattime.city/new-york/guide/public-holidays/,🇺🇸 US Holidays
https://whattime.city/paris/guide/,https://whattime.city/paris/guide/best-time-to-call/,📞 Best Time to Call
https://whattime.city/paris/guide/,https://whattime.city/paris/guide/public-holidays/,🇫🇷 French Holidays
https://whattime.city/singapore/guide/,https://whattime.city/singapore/guide/best-time-to-call/,📞 Best Time to Call
https://whattime.city/singapore/guide/,https://whattime.city/singapore/guide/public-holidays/,🇸🇬 SG Holidays
https://whattime.city/sydney/guide/,https://whattime.city/sydney/guide/best-time-to-call/,📞 Best Time to Call
https://whattime.city/sydney/guide/,https://whattime.city/sydney/guide/public-holidays/,🇦🇺 Australian Holidays
https://whattime.city/tokyo/guide/,https://whattime.city/tokyo/guide/best-time-to-call/,📞 Best Time to Call
https://whattime.city/tokyo/guide/,https://whattime.city/tokyo/guide/public-holidays/,🇯🇵 Japanese Holidays
