En alakalı sayfalar,Son 28 gün Tıklamalar,Önceki 28 gün Tıklamalar,Son 28 gün Gösterimler,Önceki 28 gün Gösterimler,Son 28 gün TO,Önceki 28 gün TO,Son 28 gün Pozisyon,Önceki 28 gün Pozisyon
https://whattime.city/map/,1,0,22,68,4.55%,0%,43.55,37.31
https://whattime.city/time/los-angeles/berlin/,1,0,14,52,7.14%,0%,24.86,22.67
https://whattime.city/new-york/,1,0,9,26,11.11%,0%,15.78,37.31
https://whattime.city/country/eritrea/,1,0,9,42,11.11%,0%,75.44,67.95
https://whattime.city/los-angeles/,1,0,5,21,20%,0%,65.6,69.33
https://whattime.city/gothenburg/,1,0,1,1,100%,0%,7,12
https://whattime.city/moscow/,0,0,345,1534,0%,0%,64.98,60.04
https://whattime.city/berlin/,0,0,229,270,0%,0%,66.4,61.49
https://whattime.city/flight-time/,0,0,200,517,0%,0%,10.85,11.28
https://whattime.city/paris/,0,0,189,647,0%,0%,65.25,68.76
https://whattime.city/shanghai/,0,1,181,794,0%,0.13%,59.53,60.65
https://whattime.city/sao-paulo/,0,0,178,710,0%,0%,51.52,51.18
https://whattime.city/tokyo/,0,0,172,958,0%,0%,69.87,74.32
https://whattime.city/cairo/,0,0,166,832,0%,0%,63.38,64.53
https://whattime.city/seattle/,0,0,156,75,0%,0%,60.53,57
https://whattime.city/singapore/,0,0,151,130,0%,0%,66.6,67.35
https://whattime.city/time/singapore/london/,0,0,137,491,0%,0%,48.7,50.55
https://whattime.city/san-jose-cr/,0,0,131,340,0%,0%,39.25,45.33
https://whattime.city/seoul/,0,0,127,171,0%,0%,67.66,55.73
https://whattime.city/country/costa-rica/,0,0,122,381,0%,0%,57.44,54.7
https://whattime.city/istanbul/,0,0,118,916,0%,0%,63.16,62.26
https://whattime.city/copenhagen/,0,0,117,65,0%,0%,57.62,49.65
https://whattime.city/time/london/sydney/,0,0,112,356,0%,0%,58.04,51.78
https://whattime.city/time/new-york/london/,0,0,110,569,0%,0%,56.08,53.24
https://whattime.city/time-converter/,0,0,107,218,0%,0%,11.36,13.15
https://whattime.city/london/,0,0,103,420,0%,0%,79.61,69.06
https://whattime.city/time/sydney/london/,0,0,98,397,0%,0%,57.98,50.75
https://whattime.city/sydney/,0,0,97,247,0%,0%,66.8,63.56
https://whattime.city/hong-kong/,0,0,88,230,0%,0%,75.25,64
https://whattime.city/fiji/,0,0,84,21,0%,0%,74.87,67.1
https://whattime.city/tbilisi/,0,0,63,22,0%,0%,70.05,54.14
https://whattime.city/country/brazil/,0,0,62,485,0%,0%,19.69,19.28
https://whattime.city/time/los-angeles/london/,0,0,60,228,0%,0%,36.22,43.35
https://whattime.city/country/libya/,0,0,58,57,0%,0%,17.5,54.86
https://whattime.city/time/singapore/lagos/,0,0,57,119,0%,0%,16.39,15.57
https://whattime.city/marrakech/,0,0,53,216,0%,0%,48.77,54.44
https://whattime.city/quito/,0,0,50,180,0%,0%,51.34,41.9
https://whattime.city/time/dublin/dubai/,0,0,48,44,0%,0%,13.5,11.77
https://whattime.city/time/los-angeles/san-francisco/,0,0,46,106,0%,0%,11.72,12.58
https://whattime.city/time/tokyo/seattle/,0,0,44,92,0%,0%,10.07,11.51
https://whattime.city/bridgetown/,0,0,39,36,0%,0%,60.13,44.81
https://whattime.city/time/tokyo/san-francisco/,0,0,38,113,0%,0%,14.42,15.31
https://whattime.city/time/delhi/tel-aviv/,0,0,37,7,0%,0%,12.43,13.57
https://whattime.city/country/estonia/,0,0,37,137,0%,0%,61.24,62.7
https://whattime.city/time/san-francisco/dublin/,0,0,36,34,0%,0%,11.5,16.94
https://whattime.city/time/sao-paulo/san-francisco/,0,0,36,137,0%,0%,13.64,14.42
https://whattime.city/country/norway/,0,0,36,208,0%,0%,45.36,50.65
https://whattime.city/monrovia/,0,0,36,19,0%,0%,55.19,63.74
https://whattime.city/country/cuba/,0,0,34,161,0%,0%,46.12,54.61
https://whattime.city/bangkok/,0,0,34,254,0%,0%,48.74,52.42
https://whattime.city/tunis/,0,0,34,120,0%,0%,50.79,49.98
https://whattime.city/otaru/,0,0,33,79,0%,0%,5.24,6.84
https://whattime.city/time/los-angeles/new-york/,0,0,32,163,0%,0%,26.03,35.76
https://whattime.city/dubai/,0,0,32,73,0%,0%,26.66,54.81
https://whattime.city/time/chicago/san-francisco/,0,0,31,59,0%,0%,15.13,14.83
https://whattime.city/time/london/vancouver/,0,0,31,34,0%,0%,47.52,37.32
https://whattime.city/time/new-york/nairobi/,0,0,30,94,0%,0%,13.47,19.88
https://whattime.city/time/dubai/new-york/,0,0,30,168,0%,0%,22.6,43.57
https://whattime.city/time/dubai/singapore/,0,0,29,75,0%,0%,26.62,24.2
https://whattime.city/male/,0,0,29,9,0%,0%,50.03,47.78
https://whattime.city/time/doha/dubai/,0,0,28,77,0%,0%,17.61,16.53
https://whattime.city/time/doha/johannesburg/,0,0,27,35,0%,0%,11.22,13.03
https://whattime.city/time/los-angeles/seoul/,0,0,27,79,0%,0%,21.56,20.34
https://whattime.city/tashkent/,0,0,27,6,0%,0%,32.11,34.67
https://whattime.city/time/lagos/amsterdam/,0,0,26,15,0%,0%,13.85,12.8
https://whattime.city/time/amsterdam/lagos/,0,0,26,23,0%,0%,17,13.52
https://whattime.city/country/cyprus/,0,0,26,81,0%,0%,39.5,61.16
https://whattime.city/time/los-angeles/sydney/,0,0,26,110,0%,0%,47,41.45
https://whattime.city/time/san-francisco/berlin/,0,0,25,52,0%,0%,15.68,14.65
https://whattime.city/time/san-francisco/mexico-city/,0,0,25,72,0%,0%,15.92,16.04
https://whattime.city/time/los-angeles/paris/,0,1,25,118,0%,0.85%,24.8,31.05
https://whattime.city/time/new-york/tokyo/,0,0,25,220,0%,0%,29.2,35.38
https://whattime.city/windhoek/,0,0,25,25,0%,0%,52.96,49.56
https://whattime.city/time/san-francisco/paris/,0,0,24,101,0%,0%,14.92,14.5
https://whattime.city/time/london/seattle/,0,0,24,60,0%,0%,21,20.68
https://whattime.city/time/delhi/boston/,0,0,24,3,0%,0%,22,20.33
https://whattime.city/time/los-angeles/toronto/,0,0,24,76,0%,0%,30.75,31.89
https://whattime.city/country/cape-verde/,0,0,24,102,0%,0%,50.21,70.76
https://whattime.city/country/cameroon/,0,0,24,95,0%,0%,72.83,74.32
https://whattime.city/time/sydney/san-francisco/,0,0,23,118,0%,0%,14.96,19.03
https://whattime.city/reykjavik/,0,0,23,47,0%,0%,19.43,49.11
https://whattime.city/time/hong-kong/new-york/,0,0,23,102,0%,0%,28.09,36.8
https://whattime.city/time/tokyo/paris/,0,0,23,59,0%,0%,30.17,20.27
https://whattime.city/time/sydney/auckland/,0,0,23,36,0%,0%,31.7,17.08
https://whattime.city/time/sydney/zurich/,0,0,22,10,0%,0%,11,18.1
https://whattime.city/time/bangkok/london/,0,0,22,103,0%,0%,24.5,15.75
https://whattime.city/time/los-angeles/hong-kong/,0,0,22,83,0%,0%,32.45,38.36
https://whattime.city/meeting/,0,0,22,112,0%,0%,45.14,54.87
https://whattime.city/time/frankfurt/tehran/,0,0,21,3,0%,0%,9.76,9.67
https://whattime.city/time/miami/chicago/,0,0,21,57,0%,0%,10.62,10.21
https://whattime.city/time/san-francisco/beijing/,0,0,21,35,0%,0%,14.38,15.77
https://whattime.city/bratislava/,0,0,21,63,0%,0%,51.14,51.51
https://whattime.city/country/syria/,0,0,21,64,0%,0%,64,58.98
https://whattime.city/mumbai/,0,0,21,48,0%,0%,74.43,74.25
https://whattime.city/time/barcelona/zurich/,0,0,20,15,0%,0%,10,10.2
https://whattime.city/time/amsterdam/rio-de-janeiro/,0,1,20,46,0%,2.17%,10.45,10.07
https://whattime.city/time/doha/bangkok/,0,0,20,26,0%,0%,10.5,10.62
https://whattime.city/time/barcelona/bangkok/,0,0,20,34,0%,0%,10.6,9.5
https://whattime.city/time/mumbai/cairo/,0,0,20,2,0%,0%,15.25,19
https://whattime.city/time/rome/seattle/,0,0,20,94,0%,0%,17.55,16.56
https://whattime.city/san-salvador/,0,0,20,12,0%,0%,48.5,62.75
https://whattime.city/sydney/guide/business-hours/,0,0,19,81,0%,0%,6.95,8.09
https://whattime.city/london/guide/time-business/,0,0,19,44,0%,0%,7.32,7.75
https://whattime.city/time/tokyo/auckland/,0,0,19,45,0%,0%,8.63,7.18
https://whattime.city/time/barcelona/san-francisco/,0,0,19,26,0%,0%,10,9.38
https://whattime.city/time/san-francisco/seattle/,0,0,19,26,0%,0%,10.11,10.81
https://whattime.city/time/tokyo/boston/,0,0,19,47,0%,0%,10.42,11.94
https://whattime.city/time/singapore/shenzhen/,0,0,19,8,0%,0%,11,10.38
https://whattime.city/time/guangzhou/singapore/,0,0,19,25,0%,0%,11.58,11.28
https://whattime.city/country/malawi/,0,0,19,13,0%,0%,12.21,26
https://whattime.city/time/seattle/london/,0,0,19,120,0%,0%,12.32,11.79
https://whattime.city/time/nairobi/doha/,0,0,19,39,0%,0%,13.95,16.15
https://whattime.city/maputo/,0,0,19,7,0%,0%,40.21,53.14
https://whattime.city/abidjan/,0,0,19,19,0%,0%,45.68,60.47
https://whattime.city/time/lisbon/san-francisco/,0,0,18,25,0%,0%,10.17,11.68
https://whattime.city/time/dublin/istanbul/,0,0,18,40,0%,0%,10.56,11.28
https://whattime.city/time/sydney/dallas/,0,0,18,36,0%,0%,11.11,11.67
https://whattime.city/time/dublin/rome/,0,0,18,32,0%,0%,11.28,12.62
https://whattime.city/time/dubai/miami/,0,0,18,58,0%,0%,11.44,12.72
https://whattime.city/time/cairo/san-francisco/,0,0,18,20,0%,0%,11.94,11.5
https://whattime.city/time/rome/san-francisco/,0,0,18,68,0%,0%,14.5,18.88
https://whattime.city/time/lagos/beijing/,0,0,18,36,0%,0%,15.78,15
https://whattime.city/time/sydney/los-angeles/,0,0,18,79,0%,0%,16.11,16.63
https://whattime.city/time/sydney/lagos/,0,0,18,163,0%,0%,18.11,19.71
https://whattime.city/country/malta/,0,0,18,48,0%,0%,67,65.52
https://whattime.city/country/tanzania/,0,0,18,45,0%,0%,68.83,64.78
https://whattime.city/hong-kong/guide/time-business/,0,0,17,31,0%,0%,6.29,7.23
https://whattime.city/time/tel-aviv/chicago/,0,0,17,9,0%,0%,9.59,12.33
https://whattime.city/time/san-francisco/rio-de-janeiro/,0,0,17,43,0%,0%,10.06,10.65
https://whattime.city/time/cairo/barcelona/,0,0,17,7,0%,0%,11.12,10.43
https://whattime.city/time/dubai/toronto/,0,0,17,19,0%,0%,11.18,13.63
https://whattime.city/time/barcelona/lisbon/,0,0,17,36,0%,0%,11.41,10.39
https://whattime.city/time/san-francisco/chicago/,0,0,17,75,0%,0%,12.35,12.88
https://whattime.city/time/san-francisco/barcelona/,0,0,17,42,0%,0%,12.88,10.86
https://whattime.city/time/san-francisco/tokyo/,0,0,17,75,0%,0%,13.82,16.56
https://whattime.city/time/bangkok/seattle/,0,0,17,44,0%,0%,15.35,12.8
https://whattime.city/time/dubai/nairobi/,0,0,17,79,0%,0%,17.94,21.92
https://whattime.city/time/lagos/singapore/,0,0,17,7,0%,0%,27.06,12.43
https://whattime.city/time/tokyo/los-angeles/,0,0,17,89,0%,0%,32.88,35.76
https://whattime.city/time/los-angeles/shanghai/,0,0,17,20,0%,0%,34,31.2
https://whattime.city/sofia/,0,0,17,125,0%,0%,49.35,51.34
https://whattime.city/chisinau/,0,0,17,4,0%,0%,49.94,44.25
https://whattime.city/chicago/guide/time-business/,0,0,16,33,0%,0%,5.06,6.27
https://whattime.city/time/istanbul/shanghai/,0,0,16,4,0%,0%,8.44,20
https://whattime.city/new-york/guide/time-difference/,0,0,16,60,0%,0%,11,15.17
https://whattime.city/time/lagos/melbourne/,0,0,16,40,0%,0%,11.62,13.9
https://whattime.city/time/boston/nairobi/,0,0,16,36,0%,0%,12.38,13.92
https://whattime.city/time/london/lagos/,0,0,16,34,0%,0%,15.06,14.21
https://whattime.city/time/london/san-francisco/,0,0,16,42,0%,0%,15.88,14.05
https://whattime.city/time/amsterdam/shanghai/,0,0,16,34,0%,0%,16.19,12.5
https://whattime.city/country/sudan/,0,0,16,3,0%,0%,64.62,76.67
https://whattime.city/time/lisbon/vienna/,0,0,15,9,0%,0%,8.53,8.78
https://whattime.city/time/lisbon/dublin/,0,0,15,61,0%,0%,10.33,10.39
https://whattime.city/time/amsterdam/san-francisco/,0,0,15,63,0%,0%,10.47,12.13
https://whattime.city/time/melbourne/los-angeles/,0,0,15,38,0%,0%,11.13,16.45
https://whattime.city/time/chicago/tokyo/,0,0,15,40,0%,0%,13.67,11.85
https://whattime.city/time/san-francisco/london/,0,0,15,81,0%,0%,14.4,17.14
https://whattime.city/time/san-francisco/rome/,0,0,15,45,0%,0%,14.67,16.76
https://whattime.city/time/toronto/lagos/,0,0,15,85,0%,0%,15.13,16.01
https://whattime.city/time/san-francisco/sao-paulo/,0,0,15,69,0%,0%,17.53,19.48
https://whattime.city/time/mumbai/london/,0,0,15,78,0%,0%,26.33,30.09
https://whattime.city/dakar/,0,0,15,32,0%,0%,47.33,55.81
https://whattime.city/chennai/,0,0,15,70,0%,0%,57.07,53.84
https://whattime.city/tirana/,0,1,15,93,0%,1.08%,66.8,62.14
https://whattime.city/time/amsterdam/guangzhou/,0,0,14,25,0%,0%,8.79,8.44
https://whattime.city/time/vancouver/bangkok/,0,0,14,2,0%,0%,9.86,23
https://whattime.city/time/rome/rio-de-janeiro/,0,0,14,23,0%,0%,10.14,10
https://whattime.city/time/lisbon/barcelona/,0,0,14,41,0%,0%,10.29,9.34
https://whattime.city/time/amsterdam/london/,0,0,14,33,0%,0%,10.43,13
https://whattime.city/time/seattle/boston/,0,0,14,29,0%,0%,10.64,11.72
https://whattime.city/time/amsterdam/barcelona/,0,0,14,44,0%,0%,11,11.34
https://whattime.city/time/dublin/vienna/,0,0,14,46,0%,0%,11.07,11.02
https://whattime.city/time/tokyo/sydney/,0,0,14,21,0%,0%,11.36,18.9
https://whattime.city/time/toronto/vancouver/,0,0,14,5,0%,0%,11.43,11.4
https://whattime.city/time/chicago/seattle/,0,0,14,49,0%,0%,12.21,11.63
https://whattime.city/time/zurich/chicago/,0,0,14,16,0%,0%,12.29,10.88
https://whattime.city/time/tokyo/chicago/,0,0,14,37,0%,0%,13.79,10.86
https://whattime.city/time/rio-de-janeiro/london/,0,0,14,99,0%,0%,14,10.47
https://whattime.city/time/barcelona/new-york/,0,0,14,2,0%,0%,22.57,42
https://whattime.city/time/dubai/doha/,0,0,14,40,0%,0%,25.29,20.5
https://whattime.city/country/slovenia/,0,1,14,28,0%,3.57%,39.36,35.29
https://whattime.city/country/dr-congo/,0,0,14,55,0%,0%,69,66.84
https://whattime.city/country/gambia/,0,0,14,17,0%,0%,76,70.82
https://whattime.city/time/new-york/vail/,0,0,13,0,0%,0%,8.08,0
https://whattime.city/time/manila/guangzhou/,0,0,13,29,0%,0%,8.38,9.83
https://whattime.city/time/vail/new-york/,0,0,13,0,0%,0%,8.62,0
https://whattime.city/time/oaxaca/new-york/,0,0,13,0,0%,0%,9.31,0
https://whattime.city/cornwall/,0,0,13,56,0%,0%,9.38,10.93
https://whattime.city/time/shanghai/san-francisco/,0,0,13,25,0%,0%,9.54,13.04
https://whattime.city/houston,0,0,13,15,0%,0%,10.31,12.33
https://whattime.city/time/amsterdam/manila/,0,0,13,30,0%,0%,10.38,11.4
https://whattime.city/time/manila/kuala-lumpur/,0,0,13,43,0%,0%,10.38,11.35
https://whattime.city/time/melbourne/miami/,0,0,13,34,0%,0%,10.62,11.38
https://whattime.city/time/vienna/sydney/,0,0,13,65,0%,0%,10.69,14.98
https://whattime.city/time/doha/istanbul/,0,0,13,18,0%,0%,11.08,11.83
https://whattime.city/time/melbourne/san-francisco/,0,0,13,23,0%,0%,11.23,15
https://whattime.city/time/tehran/dubai/,0,0,13,10,0%,0%,11.31,13.4
https://whattime.city/time/lagos/dubai/,0,0,13,56,0%,0%,12.92,13.43
https://whattime.city/time/seattle/new-york/,0,0,13,27,0%,0%,15.92,11
https://whattime.city/time/istanbul/lagos/,0,0,13,13,0%,0%,19.69,18.85
https://whattime.city/time/los-angeles/bangkok/,0,0,13,50,0%,0%,25.15,27.46
https://whattime.city/time/zurich/new-york/,0,0,13,8,0%,0%,27.46,18.62
https://whattime.city/time/los-angeles/singapore/,0,0,13,82,0%,0%,39.92,32.05
https://whattime.city/country/laos/,0,0,13,52,0%,0%,42.62,54.33
https://whattime.city/country/bahrain/,0,0,13,46,0%,0%,64.38,66.46
https://whattime.city/nozawa-onsen/,0,0,12,69,0%,0%,5.92,6.49
https://whattime.city/time/dallas/lagos/,0,0,12,73,0%,0%,9,12.85
https://whattime.city/time/los-angeles/seattle/,0,0,12,26,0%,0%,9.08,10.04
https://whattime.city/time/miami/tel-aviv/,0,0,12,15,0%,0%,9.67,9.87
https://whattime.city/time/dublin/lisbon/,0,0,12,30,0%,0%,10.17,11.33
https://whattime.city/time/doha/melbourne/,0,0,12,41,0%,0%,10.42,11.46
https://whattime.city/time/miami/london/,0,0,12,75,0%,0%,10.58,11.48
https://whattime.city/time/san-francisco/doha/,0,0,12,31,0%,0%,10.58,10.68
https://whattime.city/time/abu-dhabi/bangkok/,0,0,12,18,0%,0%,10.92,9.89
https://whattime.city/time/melbourne/toronto/,0,0,12,8,0%,0%,11.08,16.5
https://whattime.city/time/abu-dhabi/beijing/,0,0,12,11,0%,0%,12.33,13.18
https://whattime.city/time/beijing/lagos/,0,0,12,30,0%,0%,13.25,20.13
https://whattime.city/time/buenos-aires/san-francisco/,0,0,12,38,0%,0%,14.25,16.18
https://whattime.city/time/mexico-city/san-francisco/,0,0,12,57,0%,0%,16,15.23
https://whattime.city/time/lagos/new-york/,0,0,12,31,0%,0%,17.58,17.74
https://whattime.city/time/istanbul/berlin/,0,0,12,32,0%,0%,18.08,14.97
https://whattime.city/new-york/guide/time-zones/,0,0,12,40,0%,0%,18.25,66.22
https://whattime.city/time/lagos/toronto/,0,0,12,64,0%,0%,18.33,17.22
https://whattime.city/time/vienna/delhi/,0,0,12,7,0%,0%,20.42,14.29
https://whattime.city/time/los-angeles/dubai/,0,0,12,31,0%,0%,24.33,34.65
https://whattime.city/time/nairobi/dubai/,0,0,12,40,0%,0%,24.33,25.27
https://whattime.city/time/doha/singapore/,0,0,12,24,0%,0%,25.67,36.17
https://whattime.city/time/london/los-angeles/,0,0,12,4,0%,0%,47.83,25.25
https://whattime.city/country/nepal/,0,0,12,44,0%,0%,51.67,56.5
https://whattime.city/country/tunisia/,0,0,12,60,0%,0%,79.42,60.08
https://whattime.city/cotswolds/,0,0,11,63,0%,0%,6.73,6.05
https://whattime.city/time/auckland/tokyo/,0,0,11,44,0%,0%,6.73,6.3
https://whattime.city/bangkok/guide/time-business/,0,0,11,12,0%,0%,8.55,9.83
https://whattime.city/time/vienna/tehran/,0,0,11,15,0%,0%,9,10.47
https://whattime.city/time/tokyo/amsterdam/,0,0,11,15,0%,0%,9.45,10.07
https://whattime.city/time/amsterdam/tokyo/,0,0,11,23,0%,0%,9.64,11.87
https://whattime.city/time/bangkok/dubai/,0,0,11,7,0%,0%,9.64,11.86
https://whattime.city/time/seattle/lagos/,0,0,11,19,0%,0%,9.73,12.84
https://whattime.city/time/tehran/san-francisco/,0,0,11,6,0%,0%,9.73,11.83
https://whattime.city/time/toronto/rio-de-janeiro/,0,0,11,65,0%,0%,9.91,10.26
https://whattime.city/time/paris/bangkok,0,0,11,27,0%,0%,10.18,15.44
https://whattime.city/time/bangkok/doha/,0,0,11,40,0%,0%,10.36,12.6
https://whattime.city/time/rome/dublin/,0,0,11,8,0%,0%,10.36,11.62
https://whattime.city/time/dubai/bangkok/,0,0,11,16,0%,0%,10.45,12.19
https://whattime.city/time/new-york/los-angeles/,0,0,11,83,0%,0%,10.82,13.07
https://whattime.city/time/toronto/tokyo/,0,0,11,43,0%,0%,11.09,13.44
https://whattime.city/time/dubai/riyadh/,0,0,11,22,0%,0%,11.18,10.09
https://whattime.city/time/moscow/dubai/,0,0,11,23,0%,0%,11.18,10.17
https://whattime.city/time/vienna/dubai/,0,0,11,12,0%,0%,11.27,10.08
https://whattime.city/time/doha/manila/,0,0,11,99,0%,0%,12.09,15.32
https://whattime.city/doha/,0,0,11,12,0%,0%,12.18,27.08
https://whattime.city/time/bangkok/new-york/,0,0,11,47,0%,0%,12.82,19.72
https://whattime.city/time/tehran/miami/,0,0,11,6,0%,0%,13.09,10.17
https://whattime.city/time/beijing/new-york/,0,0,11,37,0%,0%,13.27,18.65
https://whattime.city/time/sydney/rio-de-janeiro/,0,0,11,8,0%,0%,13.45,16
https://whattime.city/time/new-york/lagos/,0,0,11,12,0%,0%,15,14.75
https://whattime.city/time/paris/new-york/,0,0,11,50,0%,0%,15,17.02
https://whattime.city/time/los-angeles/cairo/,0,0,11,52,0%,0%,15.55,17.25
https://whattime.city/time/los-angeles/istanbul/,0,0,11,40,0%,0%,15.64,20.77
https://whattime.city/time/san-francisco/buenos-aires/,0,0,11,68,0%,0%,16.91,17.72
https://whattime.city/time/zurich/sydney/,0,0,11,7,0%,0%,17.27,15.43
https://whattime.city/time/los-angeles/moscow/,0,0,11,37,0%,0%,26.18,26.14
https://whattime.city/country/iceland/,0,0,11,29,0%,0%,39.45,46.07
https://whattime.city/country/benin/,0,0,11,44,0%,0%,43.73,60.55
https://whattime.city/country/yemen/,0,0,11,92,0%,0%,47.82,54.46
https://whattime.city/country/ghana/,0,0,11,60,0%,0%,69,67.37
https://whattime.city/miami/guide/time-business/,0,0,10,24,0%,0%,5.9,7.62
https://whattime.city/time/rome/los-angeles/,0,0,10,17,0%,0%,8.6,14.59
https://whattime.city/time/miami/bangkok/,0,0,10,20,0%,0%,8.9,10.7
https://whattime.city/time/manila/doha/,0,0,10,79,0%,0%,9,19.58
https://whattime.city/time/amsterdam/shenzhen/,0,0,10,25,0%,0%,9.3,9.68
https://whattime.city/time/seattle/doha/,0,0,10,21,0%,0%,9.6,9.33
https://whattime.city/time/amsterdam/doha/,0,0,10,23,0%,0%,10,11.52
https://whattime.city/time/melbourne/abu-dhabi/,0,0,10,23,0%,0%,10,11.48
https://whattime.city/time/miami/seoul/,0,0,10,16,0%,0%,10,9.5
https://whattime.city/time/sydney/melbourne/,0,0,10,7,0%,0%,10.1,15
https://whattime.city/paris/guide/time-business/,0,0,10,31,0%,0%,10.2,7.1
https://whattime.city/time/cairo/dallas/,0,0,10,35,0%,0%,10.3,10.17
https://whattime.city/time/madrid/lisbon/,0,0,10,25,0%,0%,10.4,12.04
https://whattime.city/time/san-francisco/kuala-lumpur/,0,0,10,9,0%,0%,10.4,13.22
https://whattime.city/time/tokyo/singapore/,0,0,10,15,0%,0%,10.4,12.33
https://whattime.city/time/riyadh/cairo/,0,0,10,20,0%,0%,10.5,12.15
https://whattime.city/time/rome/lisbon/,0,0,10,13,0%,0%,10.5,10.62
https://whattime.city/time/chicago/toronto/,0,0,10,12,0%,0%,10.6,14.17
https://whattime.city/time/toronto/los-angeles/,0,0,10,23,0%,0%,10.8,11.83
https://whattime.city/time/san-francisco/istanbul/,0,0,10,51,0%,0%,11.2,14.41
https://whattime.city/time/toronto/new-york/,0,0,10,21,0%,0%,11.2,12.57
https://whattime.city/time/vancouver/jakarta/,0,0,10,10,0%,0%,11.2,13.8
https://whattime.city/time/bangkok/dublin/,0,0,10,10,0%,0%,11.3,9.8
https://whattime.city/time/lagos/abu-dhabi/,0,0,10,8,0%,0%,11.3,14.25
https://whattime.city/time/vancouver/sao-paulo/,0,0,10,2,0%,0%,11.4,12.5
https://whattime.city/time/doha/nairobi/,0,0,10,37,0%,0%,12,18.43
https://whattime.city/time/dubai/manila/,0,0,10,28,0%,0%,12.1,14.32
https://whattime.city/time/delhi/san-francisco/,0,0,10,59,0%,0%,12.4,12.49
https://whattime.city/time/bangkok/los-angeles/,0,0,10,52,0%,0%,13.4,16.52
https://whattime.city/time/melbourne/chicago/,0,0,10,17,0%,0%,13.6,14.88
https://whattime.city/time/san-francisco/lagos/,0,0,10,58,0%,0%,13.8,14.98
https://whattime.city/time/manila/new-york/,0,0,10,53,0%,0%,14.2,20.7
https://whattime.city/time/moscow/new-york/,0,0,10,28,0%,0%,14.3,12.11
https://whattime.city/new-york/guide/time-business/,0,0,10,36,0%,0%,14.5,10.78
https://whattime.city/time/dubai/abu-dhabi/,0,0,10,43,0%,0%,14.5,11.33
https://whattime.city/time/barcelona/singapore/,0,0,10,13,0%,0%,15.1,28.23
https://whattime.city/vienna/guide/time-zones/,0,0,10,48,0%,0%,15.8,67.08
https://whattime.city/time/mumbai/san-francisco/,0,0,10,33,0%,0%,16,15.42
https://whattime.city/time/doha/london/,0,0,10,82,0%,0%,17,25.62
https://whattime.city/skopje/,0,0,10,14,0%,0%,41,54.64
https://whattime.city/country/honduras/,0,0,10,107,0%,0%,47.1,63.2
https://whattime.city/country/india/,0,0,10,6,0%,0%,48.8,65.83
https://whattime.city/time/istanbul/dubai/,0,0,9,16,0%,0%,7.11,13.31
https://whattime.city/time/mumbai/bangkok/,0,0,9,13,0%,0%,7.89,11.15
https://whattime.city/time/zurich/barcelona/,0,0,9,26,0%,0%,8.44,9.46
https://whattime.city/singapore/guide/time-business/,0,0,9,24,0%,0%,9,8.21
https://whattime.city/time/sao-paulo/london/,0,0,9,21,0%,0%,9.22,14.81
https://whattime.city/time/tokyo/beijing/,0,0,9,10,0%,0%,9.33,12.4
https://whattime.city/time/rio-de-janeiro/rome/,0,0,9,29,0%,0%,9.56,9.1
https://whattime.city/time/dublin/frankfurt/,0,0,9,20,0%,0%,9.67,10.85
https://whattime.city/time/melbourne/dublin/,0,0,9,9,0%,0%,9.78,10.44
https://whattime.city/time/tokyo/toronto/,0,0,9,48,0%,0%,9.78,12.79
https://whattime.city/time/lisbon/miami/,0,0,9,45,0%,0%,9.89,16.11
https://whattime.city/time/nairobi/johannesburg/,0,0,9,17,0%,0%,10.33,12.41
https://whattime.city/time/barcelona/vancouver/,0,0,9,10,0%,0%,10.56,11.1
https://whattime.city/time/toronto/dubai/,0,0,9,42,0%,0%,10.56,12.86
https://whattime.city/time/vienna/madrid/,0,0,9,7,0%,0%,10.56,10.57
https://whattime.city/time/jakarta/london/,0,0,9,34,0%,0%,10.67,17.35
https://whattime.city/time/zurich/singapore/,0,0,9,5,0%,0%,10.67,26.8
https://whattime.city/time/amsterdam/cairo/,0,0,9,20,0%,0%,10.78,12.25
https://whattime.city/time/amsterdam/dublin/,0,0,9,13,0%,0%,10.78,10.15
https://whattime.city/time/singapore/san-francisco/,0,0,9,56,0%,0%,10.78,17.11
https://whattime.city/time/lagos/seoul/,0,0,9,30,0%,0%,10.89,13.17
https://whattime.city/time/manila/singapore/,0,0,9,23,0%,0%,11,13.48
https://whattime.city/time/toronto/delhi/,0,0,9,18,0%,0%,11,14.17
https://whattime.city/time/victoria-seychelles/dubai/,0,0,9,0,0%,0%,11,0
https://whattime.city/time/cairo/seattle/,0,0,9,33,0%,0%,11.22,10.85
https://whattime.city/time/madrid/paris/,0,0,9,16,0%,0%,11.22,9.44
https://whattime.city/time/berlin/los-angeles/,0,0,9,46,0%,0%,11.33,16.87
https://whattime.city/time/cairo/dubai/,0,0,9,39,0%,0%,11.33,15.36
https://whattime.city/time/beijing/tel-aviv/,0,0,9,5,0%,0%,11.56,10.6
https://whattime.city/time/singapore/sydney/,0,0,9,28,0%,0%,13.33,16.93
https://whattime.city/time/berlin/madrid/,0,0,9,21,0%,0%,13.44,11.57
https://whattime.city/time/manila/dubai/,0,0,9,31,0%,0%,13.56,14.26
https://whattime.city/time/nairobi/london/,0,0,9,35,0%,0%,13.67,16.4
https://whattime.city/time/tokyo/new-york/,0,0,9,52,0%,0%,15.22,21.29
https://whattime.city/time/nairobi/guangzhou/,0,0,9,1,0%,0%,20.11,8
https://whattime.city/time/london/zurich/,0,0,9,9,0%,0%,20.56,11.78
https://whattime.city/country/papua-new-guinea/,0,0,9,7,0%,0%,22.33,27.57
https://whattime.city/time/los-angeles/tokyo/,0,0,9,114,0%,0%,30.22,35.74
https://whattime.city/time/paris/toronto/,0,0,9,73,0%,0%,33.67,25.99
https://whattime.city/eindhoven/,0,0,9,5,0%,0%,43.33,58
https://whattime.city/douala/,0,0,9,29,0%,0%,48.56,51.97
https://whattime.city/country/togo/,0,0,9,41,0%,0%,68,68.98
https://whattime.city/time/jakarta/vancouver/,0,0,8,9,0%,0%,4.25,19.44
https://whattime.city/mexico-city/guide/time-business/,0,0,8,25,0%,0%,7.12,10
https://whattime.city/time/miami/rome/,0,0,8,12,0%,0%,8.5,10.33
https://whattime.city/time/frankfurt/buenos-aires/,0,0,8,6,0%,0%,8.75,8
https://whattime.city/time/miami/amsterdam/,0,0,8,39,0%,0%,9,11.72
https://whattime.city/time/dallas/chicago/,0,0,8,51,0%,0%,9.25,9.88
https://whattime.city/time/berlin/amsterdam/,0,0,8,16,0%,0%,9.75,10.5
https://whattime.city/time/tel-aviv/dubai/,0,0,8,20,0%,0%,9.75,10.25
https://whattime.city/time/amsterdam/toronto/,0,0,8,27,0%,0%,9.88,12.44
https://whattime.city/time/istanbul/toronto/,0,0,8,7,0%,0%,9.88,16.86
https://whattime.city/time/shenzhen/jakarta/,0,0,8,9,0%,0%,9.88,12.11
https://whattime.city/time/bangkok/amsterdam/,0,0,8,33,0%,0%,10,13.61
https://whattime.city/time/hong-kong/guangzhou/,0,0,8,13,0%,0%,10,9.92
https://whattime.city/time/seattle/los-angeles/,0,0,8,20,0%,0%,10,10.65
https://whattime.city/time/berlin/dublin/,0,0,8,6,0%,0%,10.12,11.17
https://whattime.city/time/lisbon/dubai/,0,0,8,19,0%,0%,10.12,11.68
https://whattime.city/time/lisbon/frankfurt/,0,0,8,7,0%,0%,10.12,9.14
https://whattime.city/time/seoul/bangkok/,0,0,8,15,0%,0%,10.12,15.13
https://whattime.city/time/istanbul/dublin/,0,0,8,16,0%,0%,10.38,11.12
https://whattime.city/time/dubai/guangzhou/,0,0,8,10,0%,0%,10.5,9.8
https://whattime.city/time/moscow/saint-petersburg/,0,0,8,28,0%,0%,10.5,9.86
https://whattime.city/time/seattle/bangkok/,0,0,8,22,0%,0%,10.62,11.45
https://whattime.city/time/tokyo/seoul/,0,0,8,46,0%,0%,10.75,8.24
https://whattime.city/time/new-york/melbourne/,0,0,8,43,0%,0%,10.88,15.53
https://whattime.city/time/amsterdam/new-york/,0,0,8,44,0%,0%,11.12,13.18
https://whattime.city/time/dallas/san-francisco/,0,0,8,27,0%,0%,11.12,10.26
https://whattime.city/time/lagos/kuala-lumpur/,0,0,8,8,0%,0%,11.38,9.62
https://whattime.city/time/dubai/dallas/,0,0,8,14,0%,0%,11.5,13.36
https://whattime.city/time/toronto/seoul/,0,0,8,17,0%,0%,11.5,15.12
https://whattime.city/time/paris/london/,0,0,8,21,0%,0%,11.88,15.05
https://whattime.city/time/boston/london/,0,0,8,40,0%,0%,12.25,13.3
https://whattime.city/time/lisbon/sao-paulo/,0,0,8,0,0%,0%,12.38,0
https://whattime.city/time/berlin/tokyo/,0,0,8,36,0%,0%,12.5,13.94
https://whattime.city/time/nairobi/melbourne/,0,0,8,47,0%,0%,12.5,26.49
https://whattime.city/time/vancouver/london/,0,0,8,41,0%,0%,12.75,14.32
https://whattime.city/time/sydney/dubai/,0,0,8,67,0%,0%,13.62,13.42
https://whattime.city/time/beijing/moscow/,0,0,8,11,0%,0%,13.88,15.64
https://whattime.city/time/tokyo/vienna/,0,0,8,17,0%,0%,14,11
https://whattime.city/time/toronto/doha/,0,0,8,15,0%,0%,15.88,23.67
https://whattime.city/time/los-angeles/lagos/,0,0,8,14,0%,0%,16.88,19.36
https://whattime.city/time/sydney/new-york/,0,0,8,115,0%,0%,18.25,24.28
https://whattime.city/time/london/nairobi/,0,0,8,10,0%,0%,24.88,23
https://whattime.city/time/mumbai/doha/,0,0,8,35,0%,0%,24.88,9.69
https://whattime.city/time/cairo/mumbai/,0,0,8,2,0%,0%,25.38,19
https://whattime.city/country/guatemala/,0,0,8,24,0%,0%,29.12,68.75
https://whattime.city/time/johannesburg/istanbul/,0,0,8,9,0%,0%,30.75,21.11
https://whattime.city/time/berlin/bangkok/,0,0,8,14,0%,0%,32.12,11.93
https://whattime.city/time/johannesburg/los-angeles/,0,0,8,16,0%,0%,34.88,15.25
https://whattime.city/vitoria-gasteiz/,0,0,7,0,0%,0%,6.29,0
https://whattime.city/singapore/guide/business-hours/,0,1,7,144,0%,0.69%,7,19.74
https://whattime.city/time/barcelona/rome/,0,0,7,15,0%,0%,7.57,11.53
https://whattime.city/time/shenzhen/shanghai/,0,0,7,21,0%,0%,7.71,8.38
https://whattime.city/time/san-francisco/shanghai/,0,0,7,23,0%,0%,8,16.48
https://whattime.city/time/rio-de-janeiro/amsterdam/,0,0,7,51,0%,0%,8.14,10.18
https://whattime.city/time/barcelona/istanbul/,0,0,7,26,0%,0%,8.29,11.54
https://whattime.city/time/johannesburg/dubai/,0,0,7,23,0%,0%,8.29,11.39
https://whattime.city/time/tel-aviv/amsterdam/,0,0,7,7,0%,0%,8.29,10
https://whattime.city/sao-paulo/guide/time-business/,0,0,7,7,0%,0%,8.43,8
https://whattime.city/time/madrid/hong-kong/,0,0,7,12,0%,0%,8.43,9.75
https://whattime.city/time/guangzhou/amsterdam/,0,0,7,31,0%,0%,8.71,8.42
https://whattime.city/time/madrid/dublin/,0,0,7,26,0%,0%,8.71,11
https://whattime.city/time/melbourne/lisbon/,0,0,7,28,0%,0%,8.71,11.89
https://whattime.city/time/vienna/lisbon/,0,0,7,26,0%,0%,8.71,10.85
https://whattime.city/time/london/beijing/,0,0,7,19,0%,0%,9,15.26
https://whattime.city/time/shenzhen/kuala-lumpur/,0,0,7,21,0%,0%,9,8.67
https://whattime.city/time/tehran/vancouver/,0,0,7,9,0%,0%,9,13.11
https://whattime.city/time/london/tel-aviv/,0,0,7,15,0%,0%,9.14,13.27
https://whattime.city/time/tehran/beijing/,0,0,7,0,0%,0%,9.14,0
https://whattime.city/time/berlin/rio-de-janeiro/,0,0,7,22,0%,0%,9.29,12.14
https://whattime.city/time/bangkok/auckland/,0,0,7,13,0%,0%,9.43,12.15
https://whattime.city/time/bangkok/san-francisco/,0,0,7,58,0%,0%,9.43,12.66
https://whattime.city/time/lisbon/tehran/,0,0,7,4,0%,0%,9.43,9.75
https://whattime.city/time/singapore/lisbon/,0,0,7,15,0%,0%,9.43,28.47
https://whattime.city/time/seattle/sao-paulo/,0,0,7,5,0%,0%,9.57,9.8
https://whattime.city/time/bangkok/shenzhen/,0,0,7,11,0%,0%,9.71,8.55
https://whattime.city/time/dublin/tehran/,0,0,7,3,0%,0%,9.86,11.33
https://whattime.city/time/melbourne/sydney/,0,0,7,13,0%,0%,9.86,16.54
https://whattime.city/time/rio-de-janeiro/johannesburg/,0,0,7,14,0%,0%,9.86,12.07
https://whattime.city/time/rome/london/,0,0,7,13,0%,0%,9.86,11.54
https://whattime.city/berlin/guide/time-business/,0,0,7,20,0%,0%,10,13.05
https://whattime.city/time/berlin/istanbul/,0,0,7,19,0%,0%,10.14,17.79
https://whattime.city/time/singapore/vancouver/,0,0,7,36,0%,0%,10.14,27.5
https://whattime.city/time/amsterdam/beijing/,0,0,7,11,0%,0%,10.29,10.45
https://whattime.city/time/chicago/dallas/,0,0,7,72,0%,0%,10.29,9.96
https://whattime.city/time/toronto/miami/,0,0,7,19,0%,0%,10.29,10.37
https://whattime.city/time/melbourne/vienna/,0,0,7,14,0%,0%,10.43,14.07
https://whattime.city/time/zurich/shanghai/,0,0,7,4,0%,0%,10.43,10.75
https://whattime.city/time/seattle/auckland/,0,0,7,42,0%,0%,10.57,9
https://whattime.city/time/tel-aviv/jakarta/,0,0,7,3,0%,0%,10.57,12.33
https://whattime.city/time/toronto/beijing/,0,0,7,25,0%,0%,10.57,11.32
https://whattime.city/time/toronto/hong-kong/,0,0,7,31,0%,0%,10.57,11.42
https://whattime.city/time/beijing/vancouver/,0,0,7,15,0%,0%,10.71,15.8
https://whattime.city/time/madrid/tokyo/,0,0,7,18,0%,0%,10.71,12.72
https://whattime.city/time/singapore/amsterdam/,0,1,7,17,0%,5.88%,10.71,11.59
https://whattime.city/time/boston/toronto/,0,0,7,11,0%,0%,10.86,14.27
https://whattime.city/time/dallas/bangkok/,0,0,7,30,0%,0%,10.86,10.23
https://whattime.city/time/manila/shanghai/,0,0,7,11,0%,0%,10.86,9
https://whattime.city/time/jakarta/auckland/,0,0,7,10,0%,0%,11,15.5
https://whattime.city/time/lagos/london/,0,0,7,38,0%,0%,11.29,13.79
https://whattime.city/time/vancouver/sydney/,0,0,7,13,0%,0%,11.43,15.31
https://whattime.city/time/bangkok/lagos/,0,0,7,13,0%,0%,11.71,17.15
https://whattime.city/time/manila/tokyo/,0,0,7,21,0%,0%,11.71,10.48
https://whattime.city/time/sydney/miami/,0,0,7,32,0%,0%,11.71,13.72
https://whattime.city/time/istanbul/manila/,0,0,7,13,0%,0%,11.86,13.54
https://whattime.city/vancouver/guide/time-business/,0,0,7,19,0%,0%,12.14,7.95
https://whattime.city/time/manila/toronto/,0,0,7,13,0%,0%,12.57,10.15
https://whattime.city/time/lagos/chicago/,0,0,7,25,0%,0%,12.71,14.92
https://whattime.city/time/shanghai/seoul/,0,0,7,11,0%,0%,12.71,12.18
https://whattime.city/time/lagos/los-angeles/,0,0,7,33,0%,0%,13.43,15.12
https://whattime.city/time/zurich/san-francisco/,0,0,7,5,0%,0%,13.43,9.2
https://whattime.city/time/amsterdam/paris/,0,0,7,16,0%,0%,13.57,12.38
https://whattime.city/time/london/dublin/,0,0,7,9,0%,0%,13.57,9
https://whattime.city/time/nairobi/seattle/,0,0,7,27,0%,0%,13.57,12.22
https://whattime.city/time/paris/zurich/,0,0,7,13,0%,0%,13.57,10.69
https://whattime.city/time/doha/toronto/,0,0,7,20,0%,0%,13.71,18.85
https://whattime.city/time/cairo/rio-de-janeiro/,0,0,7,13,0%,0%,14.29,9.15
https://whattime.city/time/los-angeles/zurich/,0,0,7,13,0%,0%,14.43,12.38
https://whattime.city/time/moscow/toronto/,0,0,7,15,0%,0%,14.57,15.27
https://whattime.city/country/thailand/,0,0,7,7,0%,0%,15.71,13.57
https://whattime.city/time/riyadh/dubai/,0,0,7,34,0%,0%,16.14,10.91
https://whattime.city/time/rome/manila/,0,0,7,11,0%,0%,16.57,12.91
https://whattime.city/time/sydney/vancouver/,0,0,7,19,0%,0%,16.57,20.95
https://whattime.city/time/berlin/moscow/,0,0,7,10,0%,0%,17.14,14.2
https://whattime.city/time/istanbul/boston/,0,0,7,21,0%,0%,17.29,11.71
https://whattime.city/time/lisbon/vancouver/,0,0,7,3,0%,0%,18.14,10.67
https://whattime.city/time/vienna/frankfurt/,0,0,7,9,0%,0%,19,9.22
https://whattime.city/time/zurich/los-angeles/,0,0,7,5,0%,0%,21.29,13.6
https://whattime.city/guernsey/,0,0,7,18,0%,0%,21.86,17.89
https://whattime.city/time/london/lisbon/,0,0,7,18,0%,0%,25,21.28
https://whattime.city/time/dubai/vienna/,0,0,7,11,0%,0%,25.29,9.36
https://whattime.city/time/london/frankfurt/,0,0,7,27,0%,0%,27.14,15.19
https://whattime.city/time/shenzhen/guangzhou/,0,0,7,14,0%,0%,31.86,11.64
https://whattime.city/time/singapore/paris/,0,0,7,56,0%,0%,32.43,36.02
https://whattime.city/zanzibar/,0,0,7,11,0%,0%,34.14,70.82
https://whattime.city/juba/,0,0,7,6,0%,0%,37.57,76.33
https://whattime.city/country/paraguay/,0,0,7,15,0%,0%,44.71,46.87
https://whattime.city/country/qatar/,0,0,7,17,0%,0%,54.43,44.88
https://whattime.city/new-york/guide/24-hours-itinerary/,0,0,7,18,0%,0%,67.29,58.78
https://whattime.city/country/tonga/,0,0,7,34,0%,0%,69.71,57.91
https://whattime.city/ezhou/,0,0,6,3,0%,0%,1.17,5
https://whattime.city/time/guangzhou/shenzhen/,0,0,6,9,0%,0%,6,9.33
https://whattime.city/time/shenzhen/bangkok/,0,0,6,10,0%,0%,6.5,7.9
https://whattime.city/time/paris/dublin/,0,0,6,6,0%,0%,7.83,9.5
https://whattime.city/time/guangzhou/istanbul/,0,0,6,10,0%,0%,8,9.1
https://whattime.city/time/lagos/manila/,0,0,6,19,0%,0%,8.5,14.16
https://whattime.city/time/rome/istanbul/,0,0,6,15,0%,0%,8.5,11.4
https://whattime.city/time/berkeley/london/,0,0,6,0,0%,0%,8.67,0
https://whattime.city/time/abu-dhabi/manila/,0,0,6,19,0%,0%,8.83,12.47
https://whattime.city/time/bangkok/lisbon/,0,0,6,20,0%,0%,8.83,10.3
https://whattime.city/time/istanbul/saint-petersburg/,0,0,6,5,0%,0%,8.83,10
https://whattime.city/time/tehran/amsterdam/,0,0,6,4,0%,0%,8.83,10
https://whattime.city/time/auckland/shenzhen/,0,0,6,5,0%,0%,9,7.8
https://whattime.city/time/abu-dhabi/cairo/,0,0,6,25,0%,0%,9.17,9.44
https://whattime.city/time/bangkok/toronto/,0,0,6,17,0%,0%,9.17,10.82
https://whattime.city/time/chicago/bangkok/,0,0,6,26,0%,0%,9.17,11.38
https://whattime.city/time/lisbon/moscow/,0,0,6,4,0%,0%,9.17,10
https://whattime.city/time/shanghai/guangzhou/,0,0,6,10,0%,0%,9.17,8.3
https://whattime.city/time/amsterdam/mumbai/,0,0,6,4,0%,0%,9.5,9.25
https://whattime.city/time/bangkok/seoul/,0,0,6,20,0%,0%,9.67,10.25
https://whattime.city/time/cairo/chicago/,0,0,6,14,0%,0%,9.67,20.71
https://whattime.city/time/new-york/boston/,0,0,6,19,0%,0%,9.67,10.53
https://whattime.city/time/sydney/doha/,0,0,6,15,0%,0%,9.67,11.07
https://whattime.city/time/toronto/chicago/,0,0,6,20,0%,0%,9.67,11.65
https://whattime.city/time/buenos-aires/madrid/,0,0,6,1,0%,0%,9.83,3
https://whattime.city/time/san-francisco/tehran/,0,0,6,14,0%,0%,9.83,10.64
https://whattime.city/time/shenzhen/dallas/,0,0,6,7,0%,0%,9.83,10
https://whattime.city/kuala-lumpur/guide/time-business/,0,0,6,5,0%,0%,10,6.6
https://whattime.city/time/doha/riyadh/,0,0,6,23,0%,0%,10,10.52
https://whattime.city/time/vancouver/miami/,0,0,6,6,0%,0%,10,11.5
https://whattime.city/time/amsterdam/lisbon/,0,0,6,8,0%,0%,10.17,10.62
https://whattime.city/time/johannesburg/zurich/,0,0,6,5,0%,0%,10.17,9.6
https://whattime.city/time/lisbon/johannesburg/,0,0,6,12,0%,0%,10.17,10.58
https://whattime.city/time/rome/paris/,0,0,6,12,0%,0%,10.17,8.67
https://whattime.city/time/shanghai/cairo/,0,0,6,56,0%,0%,10.17,10.3
https://whattime.city/time/abu-dhabi/london/,0,0,6,22,0%,0%,10.33,12.91
https://whattime.city/time/dubai/lisbon/,0,0,6,47,0%,0%,10.33,13.11
https://whattime.city/time/istanbul/singapore/,0,0,6,17,0%,0%,10.33,11.88
https://whattime.city/time/london/guangzhou/,0,0,6,1,0%,0%,10.33,12
https://whattime.city/time/san-francisco/moscow/,0,0,6,4,0%,0%,10.33,18
https://whattime.city/time/seattle/tokyo/,0,0,6,35,0%,0%,10.33,14.29
https://whattime.city/time/vienna/istanbul/,0,0,6,10,0%,0%,10.33,7.9
https://whattime.city/time/vienna/paris/,0,0,6,17,0%,0%,10.33,9.94
https://whattime.city/tirupati/,0,0,6,0,0%,0%,10.33,0
https://whattime.city/time/lisbon/chicago/,0,0,6,4,0%,0%,10.5,9.25
https://whattime.city/time/sao-paulo/zurich/,0,0,6,18,0%,0%,10.5,9.83
https://whattime.city/time/tel-aviv/abu-dhabi/,0,0,6,7,0%,0%,10.5,11.14
https://whattime.city/time/zurich/mexico-city/,0,0,6,9,0%,0%,10.5,8.44
https://whattime.city/time/barcelona/melbourne/,0,0,6,12,0%,0%,10.83,9.75
https://whattime.city/time/boston/rio-de-janeiro/,0,0,6,28,0%,0%,10.83,10.89
https://whattime.city/time/los-angeles/madrid/,0,0,6,44,0%,0%,10.83,15.75
https://whattime.city/time/singapore/manila/,0,0,6,20,0%,0%,10.83,10.4
https://whattime.city/time/frankfurt/hong-kong/,0,0,6,10,0%,0%,11,16.2
https://whattime.city/time/lagos/riyadh/,0,0,6,18,0%,0%,11.17,12.89
https://whattime.city/time/tel-aviv/seattle/,0,0,6,42,0%,0%,11.17,10.71
https://whattime.city/time/beijing/nairobi/,0,0,6,15,0%,0%,11.33,12.4
https://whattime.city/time/boston/riyadh/,0,0,6,21,0%,0%,11.33,12.14
https://whattime.city/time/istanbul/doha/,0,0,6,19,0%,0%,11.33,11.42
https://whattime.city/time/madrid/los-angeles/,0,0,6,50,0%,0%,11.33,15.58
https://whattime.city/bangkok/guide/,0,0,6,3,0%,0%,11.5,31
https://whattime.city/time/kuala-lumpur/auckland/,0,0,6,6,0%,0%,11.5,14.33
https://whattime.city/time/los-angeles/chicago/,0,0,6,4,0%,0%,11.5,14.75
https://whattime.city/time/seattle/seoul/,0,0,6,34,0%,0%,11.5,10.06
https://whattime.city/time/dublin/chicago/,0,0,6,23,0%,0%,11.67,19.57
https://whattime.city/time/new-york/seoul/,0,0,6,18,0%,0%,11.67,18.72
https://whattime.city/time/chicago/london/,0,0,6,13,0%,0%,12,17.08
https://whattime.city/time/doha/delhi/,0,0,6,12,0%,0%,12,17.5
https://whattime.city/time/mumbai/toronto/,0,0,6,17,0%,0%,12,15.12
https://whattime.city/time/lisbon/toronto/,0,0,6,6,0%,0%,12.17,13.83
https://whattime.city/time/melbourne/bangkok/,0,0,6,7,0%,0%,12.17,19.14
https://whattime.city/time/sydney/amsterdam/,0,0,6,26,0%,0%,12.17,15.35
https://whattime.city/time/tokyo/lagos/,0,0,6,10,0%,0%,12.17,14.5
https://whattime.city/time/dublin/melbourne/,0,0,6,13,0%,0%,12.33,15.62
https://whattime.city/time/singapore/auckland/,0,0,6,14,0%,0%,12.33,11.29
https://whattime.city/time/bangkok/hong-kong/,0,0,6,10,0%,0%,12.5,11.9
https://whattime.city/time/istanbul/london/,0,0,6,3,0%,0%,12.5,10.67
https://whattime.city/time/berlin/paris/,0,0,6,35,0%,0%,12.67,13.46
https://whattime.city/time/dublin/paris/,0,0,6,20,0%,0%,12.83,13.9
https://whattime.city/time/chicago/dublin/,0,0,6,15,0%,0%,13,13
https://whattime.city/time/rio-de-janeiro/sydney/,0,0,6,22,0%,0%,13.17,10.73
https://whattime.city/time/rome/new-york/,0,0,6,31,0%,0%,13.17,21.42
https://whattime.city/time/singapore/delhi/,0,0,6,10,0%,0%,13.17,14.4
https://whattime.city/time/berlin/frankfurt/,0,0,6,12,0%,0%,13.5,11.67
https://whattime.city/time/doha/new-york/,0,0,6,19,0%,0%,13.5,21.95
https://whattime.city/time/melbourne/nairobi/,0,0,6,27,0%,0%,13.5,14.81
https://whattime.city/time/hong-kong/toronto/,0,0,6,6,0%,0%,13.83,12.17
https://whattime.city/time/sydney/hong-kong/,0,0,6,14,0%,0%,14.17,17.29
https://whattime.city/time/bangkok/sydney/,0,0,6,20,0%,0%,14.67,19.45
https://whattime.city/time/shanghai/beijing/,0,0,6,26,0%,0%,14.83,13.27
https://whattime.city/time/sydney/rome/,0,0,6,18,0%,0%,14.83,13.5
https://whattime.city/tokyo/guide/time-business/,0,0,6,14,0%,0%,14.83,12.07
https://whattime.city/time/delhi/vienna/,0,0,6,1,0%,0%,15.33,11
https://whattime.city/time/singapore/toronto/,0,0,6,6,0%,0%,15.5,20.33
https://whattime.city/time/manila/jakarta/,0,0,6,17,0%,0%,15.67,13.65
https://whattime.city/time/sydney/buenos-aires/,0,0,6,12,0%,0%,15.67,22.33
https://whattime.city/time/mumbai/nairobi/,0,0,6,3,0%,0%,15.83,5
https://whattime.city/time/vancouver/melbourne/,0,0,6,14,0%,0%,16,12.71
https://whattime.city/time/lagos/doha/,0,0,6,31,0%,0%,16.5,14.1
https://whattime.city/time/paris/lagos/,0,0,6,22,0%,0%,16.5,17.82
https://whattime.city/sao-paulo/guide/time-zones/,0,0,6,17,0%,0%,17.17,34.47
https://whattime.city/time/beijing/auckland/,0,0,6,15,0%,0%,17.17,7
https://whattime.city/time/chicago/sydney/,0,0,6,24,0%,0%,17.67,20.12
https://whattime.city/time/sydney/dublin/,0,0,6,31,0%,0%,19.5,20.52
https://whattime.city/time/singapore/nairobi/,0,0,6,7,0%,0%,20,13
https://whattime.city/toronto/guide/time-business/,0,0,6,48,0%,0%,20,8.83
https://whattime.city/time/guangzhou/dubai/,0,0,6,20,0%,0%,21.17,10.05
https://whattime.city/time/doha/kuala-lumpur/,0,0,6,28,0%,0%,21.67,21.36
https://whattime.city/toledo/,0,0,6,0,0%,0%,24.83,0
https://whattime.city/time/nairobi/amsterdam/,0,0,6,16,0%,0%,26.33,14.19
https://whattime.city/time/boston/guangzhou/,0,0,6,5,0%,0%,33.83,12.6
https://whattime.city/time/tokyo/vancouver/,0,0,6,0,0%,0%,41.83,0
https://whattime.city/bishkek/,0,0,6,33,0%,0%,60.33,56.55
https://whattime.city/grand-rapids/,0,0,6,0,0%,0%,62.67,0
https://whattime.city/country/moldova/,0,0,6,45,0%,0%,75,62.76
https://whattime.city/kinnaur/,0,0,5,15,0%,0%,3.4,4.4
https://whattime.city/lome/,0,0,5,6,0%,0%,6.4,11
https://whattime.city/los-angeles/guide/time-business/,0,0,5,23,0%,0%,6.6,6.48
https://whattime.city/time/guangzhou/paris/,0,0,5,11,0%,0%,6.8,11.09
https://whattime.city/time/seoul/shanghai/,0,0,5,2,0%,0%,6.8,11.5
https://whattime.city/time/johannesburg/tel-aviv/,0,0,5,5,0%,0%,7,10
https://whattime.city/amsterdam/guide/time-business/,0,0,5,17,0%,0%,7.2,8.65
https://whattime.city/time/buenos-aires/frankfurt/,0,0,5,2,0%,0%,7.4,9.5
https://whattime.city/time/guangzhou/shanghai/,0,0,5,22,0%,0%,7.4,8.59
https://whattime.city/kasol/,0,0,5,25,0%,0%,7.6,8.52
https://whattime.city/pimpri-chinchwad/,0,0,5,7,0%,0%,7.6,9.86
https://whattime.city/time/guangzhou/kuala-lumpur/,0,0,5,25,0%,0%,7.6,8.12
https://whattime.city/zurich/guide/time-business/,0,0,5,10,0%,0%,7.6,9.9
https://whattime.city/isle-of-skye/,0,0,5,39,0%,0%,8,7.62
https://whattime.city/time/guangzhou/seattle/,0,0,5,15,0%,0%,8,9.93
https://whattime.city/time/chicago/kuala-lumpur/,0,0,5,4,0%,0%,8.4,12
https://whattime.city/time/frankfurt/chicago/,0,0,5,14,0%,0%,8.4,15.86
https://whattime.city/time/vancouver/san-francisco/,0,0,5,11,0%,0%,8.4,9.64
https://whattime.city/time/seoul/tokyo/,0,0,5,4,0%,0%,8.6,11
https://whattime.city/time/tokyo/rome/,0,0,5,9,0%,0%,8.6,5.44
https://whattime.city/time/vienna/chicago/,0,0,5,17,0%,0%,8.6,13.76
https://whattime.city/time/barcelona/vienna/,0,0,5,14,0%,0%,8.8,9.5
https://whattime.city/time/doha/berlin/,0,0,5,2,0%,0%,8.8,43.5
https://whattime.city/time/tel-aviv/doha/,0,0,5,4,0%,0%,8.8,11
https://whattime.city/time/guangzhou/chicago/,0,0,5,11,0%,0%,9,8.55
https://whattime.city/time/kuala-lumpur/san-francisco/,0,0,5,4,0%,0%,9,13
https://whattime.city/time/san-francisco/tel-aviv/,0,0,5,21,0%,0%,9,14.14
https://whattime.city/time/shenzhen/cairo/,0,0,5,2,0%,0%,9,7.5
https://whattime.city/time/abu-dhabi/kuala-lumpur/,0,0,5,11,0%,0%,9.2,10.27
https://whattime.city/time/dallas/abu-dhabi/,0,0,5,4,0%,0%,9.2,10.25
https://whattime.city/time/kuala-lumpur/tel-aviv/,0,0,5,1,0%,0%,9.2,9
https://whattime.city/time/manila/hong-kong/,0,0,5,11,0%,0%,9.2,15.73
https://whattime.city/time/miami/dublin/,0,0,5,7,0%,0%,9.2,11
https://whattime.city/time/boise/singapore/,0,0,5,1,0%,0%,9.4,39
https://whattime.city/time/guangzhou/tokyo/,0,0,5,18,0%,0%,9.4,10.44
https://whattime.city/time/riyadh/tel-aviv/,0,0,5,8,0%,0%,9.4,9.75
https://whattime.city/time/seattle/tel-aviv/,0,0,5,27,0%,0%,9.4,12.37
https://whattime.city/time/boston/auckland/,0,0,5,15,0%,0%,9.6,12.33
https://whattime.city/time/istanbul/tel-aviv/,0,0,5,17,0%,0%,9.6,10.29
https://whattime.city/time/manila/dallas/,0,0,5,5,0%,0%,9.6,13.6
https://whattime.city/time/melbourne/guangzhou/,0,0,5,9,0%,0%,9.6,10
https://whattime.city/time/beijing/miami/,0,0,5,12,0%,0%,9.8,13.5
https://whattime.city/time/guangzhou/jakarta/,0,0,5,13,0%,0%,9.8,8.38
https://whattime.city/time/kuala-lumpur/rio-de-janeiro/,0,0,5,13,0%,0%,9.8,9.92
https://whattime.city/time/rio-de-janeiro/madrid/,0,0,5,17,0%,0%,9.8,10.12
https://whattime.city/time/san-francisco/singapore/,0,0,5,71,0%,0%,9.8,16.89
https://whattime.city/time/tehran/chicago/,0,0,5,3,0%,0%,9.8,10.33
https://whattime.city/johannesburg/guide/time-business/,0,0,5,8,0%,0%,10,10.25
https://whattime.city/time/bangkok/abu-dhabi/,0,0,5,33,0%,0%,10,10.79
https://whattime.city/time/barcelona/tehran/,0,0,5,7,0%,0%,10,9.29
https://whattime.city/time/buenos-aires/vienna/,0,0,5,17,0%,0%,10,13.59
https://whattime.city/time/frankfurt/rome/,0,0,5,3,0%,0%,10,11.33
https://whattime.city/time/rome/barcelona/,0,0,5,34,0%,0%,10,11.91
https://whattime.city/time/sao-paulo/buenos-aires/,0,0,5,7,0%,0%,10,17.43
https://whattime.city/time/sydney/boston/,0,0,5,21,0%,0%,10,14.43
https://whattime.city/time/toronto/barcelona/,0,0,5,23,0%,0%,10,11.61
https://whattime.city/time/cairo/buenos-aires/,0,0,5,4,0%,0%,10.2,6.5
https://whattime.city/time/dallas/mexico-city/,0,0,5,9,0%,0%,10.2,11.78
https://whattime.city/time/madrid/tel-aviv/,0,0,5,8,0%,0%,10.2,9
https://whattime.city/time/mexico-city/dallas/,0,0,5,6,0%,0%,10.2,8.67
https://whattime.city/time/tokyo/dallas/,0,0,5,30,0%,0%,10.2,13.27
https://whattime.city/time/vienna/barcelona/,0,0,5,10,0%,0%,10.2,9.8
https://whattime.city/naoshima/,0,0,5,13,0%,0%,10.4,7.23
https://whattime.city/time/bangkok/miami/,0,0,5,17,0%,0%,10.4,9.29
https://whattime.city/time/cairo/sao-paulo/,0,0,5,1,0%,0%,10.4,10
https://whattime.city/time/chicago/manila/,0,0,5,12,0%,0%,10.4,11
https://whattime.city/time/dubai/amsterdam/,0,0,5,27,0%,0%,10.4,11.44
https://whattime.city/time/dublin/singapore/,0,0,5,23,0%,0%,10.4,20.74
https://whattime.city/time/jakarta/manila/,0,0,5,16,0%,0%,10.4,14.38
https://whattime.city/time/melbourne/rio-de-janeiro/,0,0,5,9,0%,0%,10.4,13.56
https://whattime.city/time/shanghai/dubai/,0,0,5,6,0%,0%,10.4,13.67
https://whattime.city/time/sydney/paris/,0,0,5,50,0%,0%,10.4,13.9
https://whattime.city/time/vancouver/lisbon/,0,0,5,5,0%,0%,10.4,15.8
https://whattime.city/country/denmark,0,0,5,29,0%,0%,10.6,9.93
https://whattime.city/time/bangkok/johannesburg/,0,0,5,5,0%,0%,10.6,13.2
https://whattime.city/time/chicago/zurich/,0,0,5,6,0%,0%,10.6,9.83
https://whattime.city/time/delhi/abu-dhabi/,0,0,5,6,0%,0%,10.6,8.83
https://whattime.city/time/frankfurt/paris/,0,0,5,20,0%,0%,10.6,9.5
https://whattime.city/time/frankfurt/seoul/,0,0,5,2,0%,0%,10.6,9.5
https://whattime.city/time/los-angeles/vancouver/,0,0,5,27,0%,0%,10.6,12.7
https://whattime.city/time/madrid/rio-de-janeiro/,0,0,5,24,0%,0%,10.6,10.04
https://whattime.city/time/madrid/seattle/,0,0,5,14,0%,0%,10.6,13.21
https://whattime.city/time/miami/hong-kong/,0,0,5,5,0%,0%,10.6,11
https://whattime.city/gimpo/,0,0,5,8,0%,0%,10.8,9.25
https://whattime.city/time/delhi/singapore/,0,0,5,8,0%,0%,10.8,19.5
https://whattime.city/time/dubai/cairo/,0,0,5,34,0%,0%,10.8,15.56
https://whattime.city/time/dublin/amsterdam/,0,0,5,7,0%,0%,10.8,14.86
https://whattime.city/time/boise/tokyo/,0,0,5,0,0%,0%,11,0
https://whattime.city/time/london/auckland/,0,0,5,26,0%,0%,11,22.88
https://whattime.city/time/miami/new-york/,0,0,5,16,0%,0%,11,12.5
https://whattime.city/time/new-york/dallas/,0,0,5,42,0%,0%,11,11.5
https://whattime.city/time/new-york/miami/,0,0,5,11,0%,0%,11,10.45
https://whattime.city/time/singapore/kuala-lumpur/,0,0,5,5,0%,0%,11,16.6
https://whattime.city/time/sydney/barcelona/,0,0,5,8,0%,0%,11,16.62
https://whattime.city/time/tel-aviv/boston/,0,0,5,10,0%,0%,11,12.4
https://whattime.city/time/berlin/singapore/,0,0,5,17,0%,0%,11.2,15.94
https://whattime.city/time/madrid/dubai/,0,0,5,19,0%,0%,11.2,10.79
https://whattime.city/time/madrid/zurich/,0,0,5,6,0%,0%,11.2,10.33
https://whattime.city/time/rio-de-janeiro/auckland/,0,0,5,3,0%,0%,11.2,10.67
https://whattime.city/time/shanghai/boston/,0,0,5,4,0%,0%,11.2,9.5
https://whattime.city/time/toronto/tel-aviv/,0,0,5,4,0%,0%,11.2,16.5
https://whattime.city/paris/guide/,0,0,5,15,0%,0%,11.4,14.73
https://whattime.city/time/dublin/madrid/,0,0,5,6,0%,0%,11.4,13.67
https://whattime.city/time/london/cairo/,0,0,5,17,0%,0%,11.4,14.24
https://whattime.city/time/seattle/paris/,0,0,5,23,0%,0%,11.4,12.87
https://whattime.city/yongin/,0,0,5,3,0%,0%,11.4,13.67
https://whattime.city/time/berlin/lagos/,0,0,5,25,0%,0%,11.6,16.12
https://whattime.city/time/dublin/beijing/,0,0,5,4,0%,0%,11.6,10.75
https://whattime.city/time/madrid/london/,0,0,5,11,0%,0%,11.6,12.91
https://whattime.city/time/melbourne/vancouver/,0,0,5,11,0%,0%,11.6,17
https://whattime.city/time/miami/melbourne/,0,0,5,26,0%,0%,11.6,12.92
https://whattime.city/time/frankfurt/madrid/,0,0,5,12,0%,0%,11.8,9.75
https://whattime.city/time/manila/seoul/,0,0,5,18,0%,0%,11.8,14.22
https://whattime.city/time/melbourne/tel-aviv/,0,0,5,6,0%,0%,12,13.17
https://whattime.city/time/miami/tokyo/,0,0,5,30,0%,0%,12.2,9.13
https://whattime.city/time/tehran/toronto/,0,0,5,6,0%,0%,12.2,10.17
https://whattime.city/time/manila/london/,0,0,5,81,0%,0%,12.4,16.28
https://whattime.city/time/manila/los-angeles/,0,0,5,19,0%,0%,12.6,17.84
https://whattime.city/time/melbourne/singapore/,0,0,5,17,0%,0%,12.6,14.29
https://whattime.city/time/moscow/lagos/,0,0,5,16,0%,0%,13,16.62
https://whattime.city/time/tehran/new-york/,0,0,5,4,0%,0%,13,17
https://whattime.city/time/melbourne/lagos/,0,0,5,15,0%,0%,13.2,14.8
https://whattime.city/time/toronto/sydney/,0,0,5,65,0%,0%,13.2,17.12
https://whattime.city/time/zurich/london/,0,0,5,8,0%,0%,13.2,10.75
https://whattime.city/time/johannesburg/new-york/,0,0,5,46,0%,0%,13.4,18.22
https://whattime.city/time/shanghai/amsterdam/,0,0,5,13,0%,0%,13.6,14.23
https://whattime.city/time/madrid/delhi/,0,0,5,6,0%,0%,13.8,10.17
https://whattime.city/time/buenos-aires/zurich/,0,0,5,3,0%,0%,14.2,11.67
https://whattime.city/time/mexico-city/nairobi/,0,0,5,4,0%,0%,14.2,23
https://whattime.city/time/seoul/lagos/,0,0,5,28,0%,0%,14.2,16.18
https://whattime.city/time/istanbul/los-angeles/,0,0,5,14,0%,0%,14.6,15.14
https://whattime.city/time/berlin/vancouver/,0,0,5,6,0%,0%,15,11.67
https://whattime.city/time/miami/sydney/,0,0,5,17,0%,0%,15,18.53
https://whattime.city/time/paris/sydney/,0,0,5,46,0%,0%,15.2,16.02
https://whattime.city/time/dubai/lagos/,0,0,5,22,0%,0%,16.2,14.18
https://whattime.city/time/mumbai/new-york/,0,0,5,10,0%,0%,16.4,20.6
https://whattime.city/time/sydney/nairobi/,0,0,5,19,0%,0%,16.4,17.89
https://whattime.city/time/port-moresby/london/,0,0,5,8,0%,0%,16.6,15.5
https://whattime.city/time/nairobi/sydney/,0,0,5,10,0%,0%,17.8,18.8
https://whattime.city/time/istanbul/rio-de-janeiro/,0,0,5,6,0%,0%,18,9.17
https://whattime.city/time/jakarta/nairobi/,0,0,5,17,0%,0%,18,17.12
https://whattime.city/time/auckland/sydney/,0,0,5,33,0%,0%,18.2,28.97
https://whattime.city/time/london/doha/,0,0,5,32,0%,0%,18.4,27.03
https://whattime.city/time/nairobi/singapore/,0,0,5,9,0%,0%,18.4,14.22
https://whattime.city/time/rome/lagos/,0,0,5,20,0%,0%,18.4,19.65
https://whattime.city/time/doha/mumbai/,0,0,5,25,0%,0%,18.8,11.36
https://whattime.city/time/los-angeles/sao-paulo/,0,0,5,33,0%,0%,21.2,24.73
https://whattime.city/bangkok/guide/time-zones/,0,0,5,28,0%,0%,22.6,17.21
https://whattime.city/cadiz/,0,0,5,6,0%,0%,30.4,23.33
https://whattime.city/country/uzbekistan,0,0,5,26,0%,0%,39.6,39.5
https://whattime.city/country/lebanon/,0,0,5,49,0%,0%,43.2,37.12
https://whattime.city/country/marshall-islands/,0,0,5,17,0%,0%,43.6,63.41
https://whattime.city/country/maldives/,0,0,5,23,0%,0%,45.2,48.13
https://whattime.city/fresno/,0,0,5,10,0%,0%,49.8,69.8
https://whattime.city/kabul/,0,0,5,12,0%,0%,52.4,63.08
https://whattime.city/country/kyrgyzstan/,0,0,5,31,0%,0%,53.6,45.26
https://whattime.city/luanda/,0,0,5,17,0%,0%,55.2,55.06
https://whattime.city/mogadishu/,0,0,5,1,0%,0%,55.2,76
https://whattime.city/lisbon/guide/24-hours-itinerary/,0,0,5,10,0%,0%,67.4,65.1
https://whattime.city/kumasi/,0,0,4,1,0%,0%,2.5,66
https://whattime.city/hong-kong/guide/,0,0,4,8,0%,0%,5.25,45.62
https://whattime.city/melbourne/guide/time-business/,0,0,4,19,0%,0%,5.25,7.84
https://whattime.city/kinosaki/,0,0,4,7,0%,0%,6,4
https://whattime.city/time/seoul/vienna/,0,0,4,2,0%,0%,6,10.5
https://whattime.city/time/auckland/guangzhou/,0,0,4,16,0%,0%,6.25,9.75
https://whattime.city/kanazawa/,0,0,4,1,0%,0%,6.5,5
https://whattime.city/time/cairo/shanghai/,0,0,4,4,0%,0%,6.5,7.5
https://whattime.city/time/shanghai/istanbul/,0,0,4,9,0%,0%,6.75,10.44
https://whattime.city/time/seoul/hong-kong/,0,0,4,6,0%,0%,7.25,20.67
https://whattime.city/time/tokyo/bangkok/,0,0,4,6,0%,0%,7.25,14.83
https://whattime.city/time/cape-coral/new-york/,0,0,4,0,0%,0%,7.5,0
https://whattime.city/ottawa/,0,0,4,2,0%,0%,7.75,4.5
https://whattime.city/sao-paulo/guide/,0,0,4,6,0%,0%,7.75,5
https://whattime.city/time/dubai/shanghai/,0,0,4,11,0%,0%,7.75,22.09
https://whattime.city/time/melbourne/jakarta/,0,0,4,12,0%,0%,7.75,20.75
https://whattime.city/time/new-york/lisbon/,0,0,4,23,0%,0%,7.75,20.74
https://whattime.city/seoul/guide/,0,0,4,3,0%,0%,8,7.67
https://whattime.city/time/boston/cairo/,0,0,4,14,0%,0%,8,10.86
https://whattime.city/time/delhi/cairo/,0,0,4,5,0%,0%,8,12.6
https://whattime.city/time/kuala-lumpur/rome/,0,0,4,1,0%,0%,8,11
https://whattime.city/time/mumbai/abu-dhabi/,0,0,4,8,0%,0%,8,10.62
https://whattime.city/time/zurich/tokyo/,0,0,4,10,0%,0%,8,14.2
https://whattime.city/time/melbourne/amsterdam/,0,0,4,43,0%,0%,8.25,11.95
https://whattime.city/time/abu-dhabi/boston/,0,0,4,28,0%,0%,8.5,10.93
https://whattime.city/time/cairo/seoul/,0,0,4,3,0%,0%,8.5,9.33
https://whattime.city/time/frankfurt/zurich/,0,0,4,2,0%,0%,8.5,10.5
https://whattime.city/time/madrid/bangkok/,0,0,4,11,0%,0%,8.5,13.73
https://whattime.city/time/miami/kuala-lumpur/,0,0,4,4,0%,0%,8.5,9
https://whattime.city/time/tehran/buenos-aires/,0,0,4,2,0%,0%,8.5,14.5
https://whattime.city/time/chicago/guangzhou/,0,0,4,15,0%,0%,8.75,9.6
https://whattime.city/time/chicago/lisbon/,0,0,4,19,0%,0%,8.75,13.16
https://whattime.city/time/miami/sao-paulo/,0,0,4,1,0%,0%,8.75,25
https://whattime.city/time/riyadh/berlin/,0,0,4,0,0%,0%,8.75,0
https://whattime.city/time/saint-petersburg/boston/,0,0,4,2,0%,0%,8.75,8
https://whattime.city/time/tel-aviv/lagos/,0,0,4,7,0%,0%,8.75,13.57
https://whattime.city/time/zurich/amsterdam/,0,0,4,9,0%,0%,8.75,10.56
https://whattime.city/time/jakarta/seattle/,0,0,4,30,0%,0%,9,10.2
https://whattime.city/time/abu-dhabi/miami/,0,1,4,9,0%,11.11%,9.25,11.22
https://whattime.city/time/lisbon/melbourne/,0,0,4,8,0%,0%,9.25,11
https://whattime.city/time/san-francisco/madrid/,0,0,4,24,0%,0%,9.25,15.25
https://whattime.city/time/sao-paulo/doha/,0,0,4,6,0%,0%,9.25,11.5
https://whattime.city/time/seattle/toronto/,0,0,4,18,0%,0%,9.25,11
https://whattime.city/time/tel-aviv/mexico-city/,0,0,4,3,0%,0%,9.25,8.33
https://whattime.city/time/vancouver/cairo/,0,0,4,17,0%,0%,9.25,10.71
https://whattime.city/frankfurt/guide/,0,0,4,14,0%,0%,9.5,9.43
https://whattime.city/time/lagos/seattle/,0,0,4,9,0%,0%,9.5,12.78
https://whattime.city/time/london/hong-kong/,0,0,4,7,0%,0%,9.5,15.86
https://whattime.city/time/paris/dubai/,0,0,4,18,0%,0%,9.5,11.94
https://whattime.city/time/rio-de-janeiro/melbourne/,0,0,4,33,0%,0%,9.5,10.7
https://whattime.city/time/shenzhen/seattle/,0,0,4,4,0%,0%,9.5,20.75
https://whattime.city/time/vienna/melbourne/,0,0,4,9,0%,0%,9.5,11.11
https://whattime.city/time/vienna/tokyo/,0,0,4,7,0%,0%,9.5,15.86
https://whattime.city/girona/,0,0,4,4,0%,0%,9.75,14.75
https://whattime.city/time/auckland/seoul/,0,0,4,4,0%,0%,9.75,9.75
https://whattime.city/time/beijing/barcelona/,0,0,4,16,0%,0%,9.75,17.81
https://whattime.city/time/new-york/doha/,0,0,4,26,0%,0%,9.75,18.08
https://whattime.city/time/paris/berlin/,0,0,4,13,0%,0%,9.75,13
https://whattime.city/time/rome/vancouver/,0,0,4,6,0%,0%,9.75,14.67
https://whattime.city/time/vancouver/mexico-city/,0,0,4,1,0%,0%,9.75,11
https://whattime.city/time/vancouver/tokyo/,0,0,4,28,0%,0%,9.75,18.07
https://whattime.city/time/bangkok/tel-aviv/,0,0,4,29,0%,0%,10,12.24
https://whattime.city/time/beijing/rio-de-janeiro/,0,0,4,5,0%,0%,10,12
https://whattime.city/time/boston/johannesburg,0,0,4,7,0%,0%,10,14
https://whattime.city/time/dallas/seoul/,0,0,4,7,0%,0%,10,7.86
https://whattime.city/time/frankfurt/vancouver/,0,0,4,6,0%,0%,10,7.5
https://whattime.city/time/jakarta/tokyo/,0,0,4,2,0%,0%,10,18
https://whattime.city/time/madrid/dallas/,0,0,4,24,0%,0%,10,11
https://whattime.city/time/melbourne/paris/,0,0,4,10,0%,0%,10,10
https://whattime.city/time/tokyo/manila/,0,0,4,10,0%,0%,10,10.7
https://whattime.city/time/zurich/istanbul/,0,0,4,3,0%,0%,10,11
https://whattime.city/paris/guide/time-zones/,0,0,4,118,0%,0%,10.25,58.95
https://whattime.city/time/chicago/tehran/,0,0,4,9,0%,0%,10.25,11.44
https://whattime.city/time/dublin/berlin/,0,0,4,10,0%,0%,10.25,16.8
https://whattime.city/time/jakarta/doha/,0,0,4,12,0%,0%,10.25,16.25
https://whattime.city/time/melbourne/auckland/,0,0,4,16,0%,0%,10.25,11.06
https://whattime.city/time/melbourne/dallas/,0,0,4,32,0%,0%,10.25,12.19
https://whattime.city/time/riyadh/boston/,0,0,4,23,0%,0%,10.25,11.35
https://whattime.city/time/rome/tokyo/,0,0,4,18,0%,0%,10.25,12.17
https://whattime.city/time/san-francisco/frankfurt/,0,0,4,3,0%,0%,10.25,11
https://whattime.city/time/sydney/beijing/,0,0,4,15,0%,0%,10.25,16.8
https://whattime.city/time/sydney/guangzhou/,0,0,4,17,0%,0%,10.25,9.76
https://whattime.city/time/tel-aviv/berlin/,0,0,4,3,0%,0%,10.25,9.33
https://whattime.city/time/tel-aviv/cairo/,0,0,4,4,0%,0%,10.25,10.75
https://whattime.city/time/auckland/beijing/,0,0,4,4,0%,0%,10.5,12.5
https://whattime.city/time/auckland/london/,0,0,4,13,0%,0%,10.5,17
https://whattime.city/time/auckland/los-angeles/,0,0,4,6,0%,0%,10.5,12
https://whattime.city/time/barcelona/miami/,0,0,4,24,0%,0%,10.5,11.38
https://whattime.city/time/bergamo/new-york/,0,0,4,8,0%,0%,10.5,15.12
https://whattime.city/time/berlin/tel-aviv/,0,0,4,6,0%,0%,10.5,10.33
https://whattime.city/time/dallas/hong-kong/,0,0,4,5,0%,0%,10.5,18
https://whattime.city/time/doha/mexico-city/,0,0,4,9,0%,0%,10.5,15.22
https://whattime.city/time/dublin/los-angeles/,0,0,4,15,0%,0%,10.5,14.13
https://whattime.city/time/frankfurt/miami/,0,0,4,7,0%,0%,10.5,8
https://whattime.city/time/los-angeles/jakarta/,0,0,4,0,0%,0%,10.5,0
https://whattime.city/time/los-angeles/rome/,0,0,4,16,0%,0%,10.5,14.88
https://whattime.city/time/manila/auckland/,0,0,4,11,0%,0%,10.5,13.18
https://whattime.city/time/new-york/paris/,0,0,4,25,0%,0%,10.5,22.64
https://whattime.city/time/san-francisco/dubai/,0,0,4,21,0%,0%,10.5,12.05
https://whattime.city/time/singapore/istanbul/,0,0,4,4,0%,0%,10.5,10.75
https://whattime.city/time/singapore/mexico-city/,0,0,4,3,0%,0%,10.5,17.67
https://whattime.city/time/singapore/rio-de-janeiro/,0,0,4,0,0%,0%,10.5,0
https://whattime.city/time/amsterdam/sydney/,0,0,4,30,0%,0%,10.75,12.7
https://whattime.city/time/auckland/miami/,0,0,4,5,0%,0%,10.75,10.2
https://whattime.city/time/doha/abu-dhabi/,0,0,4,4,0%,0%,10.75,11.75
https://whattime.city/time/doha/sao-paulo/,0,0,4,10,0%,0%,10.75,10.1
https://whattime.city/time/lisbon/jakarta/,0,0,4,3,0%,0%,10.75,6.67
https://whattime.city/time/miami/toronto/,0,0,4,13,0%,0%,10.75,12.08
https://whattime.city/time/nairobi/riyadh/,0,0,4,10,0%,0%,10.75,12.9
https://whattime.city/time/nairobi/tel-aviv/,0,0,4,3,0%,0%,10.75,11
https://whattime.city/time/paris/los-angeles/,0,0,4,19,0%,0%,10.75,18.79
https://whattime.city/time/rome/zurich/,0,0,4,22,0%,0%,10.75,9.82
https://whattime.city/time/seoul/san-francisco/,0,0,4,12,0%,0%,10.75,11.25
https://whattime.city/time/tokyo/berlin/,0,0,4,9,0%,0%,10.75,14.89
https://whattime.city/time/vancouver/dublin/,0,0,4,6,0%,0%,10.75,21.83
https://whattime.city/time/zurich/dublin/,0,0,4,4,0%,0%,10.75,10.75
https://whattime.city/time/zurich/madrid/,0,0,4,7,0%,0%,10.75,9.86
https://whattime.city/time/berlin/toronto/,0,0,4,11,0%,0%,11,10.55
https://whattime.city/time/saint-petersburg/delhi/,0,0,4,4,0%,0%,11,9.25
https://whattime.city/time/tehran/los-angeles/,0,0,4,0,0%,0%,11,0
https://whattime.city/time/vancouver/dubai/,0,0,4,8,0%,0%,11,17.62
https://whattime.city/time/vancouver/new-york/,0,1,4,7,0%,14.29%,11,16.86
https://whattime.city/time/dubai/johannesburg,0,0,4,11,0%,0%,11.25,13.73
https://whattime.city/time/jakarta/istanbul/,0,0,4,2,0%,0%,11.25,10.5
https://whattime.city/time/johannesburg/auckland/,0,0,4,8,0%,0%,11.25,12.25
https://whattime.city/time/johannesburg/kuala-lumpur/,0,0,4,9,0%,0%,11.25,10.33
https://whattime.city/time/lagos/mexico-city/,0,0,4,38,0%,0%,11.25,21.34
https://whattime.city/time/madrid/san-francisco/,0,0,4,19,0%,0%,11.25,18.21
https://whattime.city/time/miami/rio-de-janeiro/,0,0,4,37,0%,0%,11.25,9.84
https://whattime.city/time/rome/tel-aviv/,0,0,4,23,0%,0%,11.25,11.87
https://whattime.city/time/saint-petersburg/moscow/,0,0,4,21,0%,0%,11.25,18.29
https://whattime.city/time/shanghai/manila/,0,0,4,13,0%,0%,11.25,13.62
https://whattime.city/time/hong-kong/dubai/,0,0,4,10,0%,0%,11.5,10
https://whattime.city/time/los-angeles/auckland/,0,0,4,9,0%,0%,11.5,13.11
https://whattime.city/time/manila/delhi/,0,0,4,10,0%,0%,11.5,15.8
https://whattime.city/time/mexico-city/tel-aviv/,0,0,4,1,0%,0%,11.5,12
https://whattime.city/time/rio-de-janeiro/istanbul/,0,0,4,11,0%,0%,11.5,11
https://whattime.city/time/san-francisco/manila/,0,0,4,17,0%,0%,11.5,12.59
https://whattime.city/time/seattle/rome/,0,0,4,33,0%,0%,11.5,10.67
https://whattime.city/time/shenzhen/london/,0,0,4,14,0%,0%,11.5,10.79
https://whattime.city/time/shenzhen/sydney/,0,0,4,4,0%,0%,11.5,9.5
https://whattime.city/time/buenos-aires/berlin/,0,0,4,3,0%,0%,11.75,22
https://whattime.city/time/mexico-city/seattle/,0,0,4,7,0%,0%,11.75,14.57
https://whattime.city/time/singapore/guangzhou/,0,0,4,22,0%,0%,11.75,10.36
https://whattime.city/time/toronto/cairo/,0,0,4,18,0%,0%,11.75,15.5
https://whattime.city/time/toronto/frankfurt/,0,0,4,11,0%,0%,11.75,10.64
https://whattime.city/time/zurich/dubai/,0,0,4,15,0%,0%,11.75,12.93
https://whattime.city/time/cairo/johannesburg/,0,0,4,7,0%,0%,12,9.86
https://whattime.city/time/tokyo/dubai/,0,0,4,10,0%,0%,12,15.4
https://whattime.city/time/toronto/dallas/,0,0,4,8,0%,0%,12,10.88
https://whattime.city/time/toronto/singapore/,0,0,4,7,0%,0%,12,20
https://whattime.city/time/berlin/buenos-aires/,0,0,4,8,0%,0%,12.25,9.12
https://whattime.city/time/johannesburg/rio-de-janeiro/,0,0,4,17,0%,0%,12.25,13.18
https://whattime.city/time/rome/toronto/,0,0,4,15,0%,0%,12.25,14.6
https://whattime.city/time/vancouver/los-angeles/,0,0,4,16,0%,0%,12.25,16.12
https://whattime.city/time/berlin/nairobi/,0,0,4,1,0%,0%,12.5,10
https://whattime.city/time/paris/tel-aviv/,0,0,4,15,0%,0%,12.5,11.6
https://whattime.city/time/tokyo/cairo/,0,0,4,1,0%,0%,12.5,30
https://whattime.city/time/amsterdam/johannesburg/,0,0,4,12,0%,0%,12.75,11.08
https://whattime.city/time/frankfurt/amsterdam/,0,0,4,4,0%,0%,12.75,15.25
https://whattime.city/time/istanbul/madrid/,0,0,4,14,0%,0%,13,10.43
https://whattime.city/time/amsterdam/mexico-city/,0,0,4,14,0%,0%,13.25,14.29
https://whattime.city/time/berlin/new-york/,0,0,4,31,0%,0%,13.25,18.48
https://whattime.city/time/rio-de-janeiro/new-york/,0,0,4,2,0%,0%,13.25,16
https://whattime.city/time/dallas/singapore/,0,0,4,7,0%,0%,13.5,10
https://whattime.city/time/dubai/paris/,0,0,4,31,0%,0%,13.5,13.87
https://whattime.city/time/paris/abu-dhabi/,0,0,4,25,0%,0%,13.5,13.4
https://whattime.city/time/amsterdam/auckland/,0,0,4,13,0%,0%,14,9.38
https://whattime.city/time/johannesburg/berlin/,0,0,4,8,0%,0%,14,11
https://whattime.city/time/sao-paulo/manila/,0,0,4,5,0%,0%,14,18.8
https://whattime.city/time/rome/bangkok/,0,0,4,2,0%,0%,14.25,8
https://whattime.city/time/dubai/jakarta/,0,0,4,11,0%,0%,14.5,10.27
https://whattime.city/time/paris/nairobi/,0,0,4,11,0%,0%,14.75,18.09
https://whattime.city/time/rome/dubai/,0,0,4,10,0%,0%,14.75,13.7
https://whattime.city/time/sydney/shanghai/,0,0,4,9,0%,0%,14.75,11.22
https://whattime.city/time/cairo/new-york/,0,0,4,7,0%,0%,15,17.86
https://whattime.city/time/doha/sydney/,0,0,4,16,0%,0%,15.25,19.94
https://whattime.city/time/madrid/new-york/,0,0,4,21,0%,0%,15.25,17.38
https://whattime.city/time/amsterdam/tel-aviv/,0,0,4,14,0%,0%,15.5,10.5
https://whattime.city/time/cairo/lagos/,0,0,4,14,0%,0%,15.5,17.07
https://whattime.city/country/finland/,0,0,4,4,0%,0%,15.75,14.75
https://whattime.city/tel-aviv/,0,0,4,1,0%,0%,15.75,9
https://whattime.city/time/moscow/paris/,0,0,4,11,0%,0%,15.75,13.73
https://whattime.city/time/beijing/sydney/,0,0,4,4,0%,0%,16,23.25
https://whattime.city/time/paris/seoul/,0,0,4,24,0%,0%,16,10.71
https://whattime.city/time/beijing/boston/,0,0,4,13,0%,0%,16.25,11.92
https://whattime.city/time/tokyo/delhi/,0,0,4,12,0%,0%,16.5,9.58
https://whattime.city/time/miami/lisbon/,0,0,4,7,0%,0%,17,11.71
https://whattime.city/time/shanghai/vancouver/,0,0,4,6,0%,0%,17,13.17
https://whattime.city/time/sydney/sao-paulo/,0,0,4,14,0%,0%,17,12.71
https://whattime.city/time/seoul/vancouver/,0,0,4,21,0%,0%,17.25,21.38
https://whattime.city/time/rome/sydney/,0,0,4,20,0%,0%,18,15.7
https://whattime.city/time/chicago/johannesburg/,0,0,4,2,0%,0%,18.5,10.5
https://whattime.city/paris/guide/work-remote/,0,0,4,4,0%,0%,19.25,23.5
https://whattime.city/time/barcelona/sydney/,0,0,4,23,0%,0%,19.5,13.43
https://whattime.city/time/tokyo/zurich/,0,0,4,12,0%,0%,20.5,13.58
https://whattime.city/country/,0,0,4,16,0%,0%,21,17.62
https://whattime.city/toronto/,0,0,4,72,0%,0%,24,58.69
https://whattime.city/pomona/,0,0,4,5,0%,0%,29.75,29.8
https://whattime.city/country/albania/,0,1,4,24,0%,4.17%,33,54.54
https://whattime.city/country/bolivia/,0,0,4,5,0%,0%,33.75,55
https://whattime.city/country/north-macedonia/,0,0,4,22,0%,0%,34,40.86
https://whattime.city/country/bhutan/,0,0,4,14,0%,0%,39,61.07
https://whattime.city/gaborone/,0,0,4,2,0%,0%,39.25,49.5
https://whattime.city/time/melbourne/san-francisco,0,0,4,39,0%,0%,41.25,38
https://whattime.city/majuro/,0,0,4,0,0%,0%,43,0
https://whattime.city/country/samoa/,0,0,4,44,0%,0%,43.75,59.75
https://whattime.city/country/bahamas/,0,0,4,50,0%,0%,47.25,41.98
https://whattime.city/country/seychelles/,0,0,4,8,0%,0%,54.5,67.25
https://whattime.city/jersey/,0,0,4,19,0%,0%,55.5,53.16
https://whattime.city/nicosia/,0,0,4,19,0%,0%,60.75,49.37
https://whattime.city/country/madagascar/,0,0,4,36,0%,0%,62,68.75
https://whattime.city/myrtle-beach/,0,0,4,6,0%,0%,67.5,47.33
https://whattime.city/pyeongchang/,0,0,3,4,0%,0%,1.67,1.75
https://whattime.city/salzburg/,0,0,3,17,0%,0%,1.67,52.24
https://whattime.city/time/moscow/buenos-aires/,0,0,3,1,0%,0%,3,17
https://whattime.city/majuli/,0,1,3,10,0%,10%,3.33,4.2
https://whattime.city/chungju/,0,0,3,2,0%,0%,3.67,2.5
https://whattime.city/berkeley/,0,0,3,0,0%,0%,5,0
https://whattime.city/time/tel-aviv/melbourne/,0,0,3,9,0%,0%,5.33,11.78
https://whattime.city/koyasan/,0,0,3,3,0%,0%,6,6
https://whattime.city/lake-district/,0,0,3,16,0%,0%,6.33,6.19
https://whattime.city/time/miami/saint-petersburg/,0,0,3,7,0%,0%,6.67,8.43
https://whattime.city/guangzhou/guide/time-business/,0,0,3,7,0%,0%,7,13
https://whattime.city/sanchi/,0,0,3,11,0%,0%,7,10.36
https://whattime.city/time/tehran/frankfurt/,0,0,3,5,0%,0%,7,9.4
https://whattime.city/time/frankfurt/barcelona/,0,0,3,19,0%,0%,7.33,10.05
https://whattime.city/tehran/,0,0,3,84,0%,0%,7.67,64.58
https://whattime.city/time/manila/boston/,0,0,3,16,0%,0%,7.67,11.62
https://whattime.city/time/sao-paulo/new-york/,0,0,3,14,0%,0%,7.67,16.86
https://whattime.city/moscow/guide/time-business/,0,1,3,2,0%,50%,8,9.5
https://whattime.city/mumbai/guide/time-business/,0,0,3,16,0%,0%,8,9.19
https://whattime.city/shenzhen/guide/time-business/,0,0,3,10,0%,0%,8,11.1
https://whattime.city/time/buenos-aires/london/,0,0,3,12,0%,0%,8,17.58
https://whattime.city/time/goyang/paris/,0,0,3,0,0%,0%,8,0
https://whattime.city/time/kuala-lumpur/seoul/,0,0,3,6,0%,0%,8,11.5
https://whattime.city/time/paris/tehran/,0,0,3,6,0%,0%,8,11.83
https://whattime.city/time/seoul/rome/,0,0,3,6,0%,0%,8,14.5
https://whattime.city/sydney/guide/time-business/,0,1,1,49,0%,2.04%,6,28.22
https://whattime.city/time/kuala-lumpur/boston/,0,1,1,22,0%,4.55%,17,10.23
https://whattime.city/time/tel-aviv/paris/,0,1,2,21,0%,4.76%,10.5,15.71
https://whattime.city/time/nairobi/chicago/,0,1,3,18,0%,5.56%,17.33,18.11
https://whattime.city/time/london/dallas/,0,1,1,14,0%,7.14%,37,13.57
https://whattime.city/time/chicago/singapore/,0,1,1,14,0%,7.14%,10,21.93
https://whattime.city/time/paris/johannesburg/,0,1,3,11,0%,9.09%,72.33,10.73
https://whattime.city/time/singapore/berlin/,0,1,3,8,0%,12.5%,10.67,26.75
https://whattime.city/time/rome/delhi/,0,1,0,3,0%,33.33%,0,5.33
https://whattime.city/tsumago/,0,1,0,2,0%,50%,0,2
https://whattime.city/world-alarm/,0,1,0,2,0%,50%,0,11
https://whattime.city/time/san-francisco/hong-kong/,0,0,0,265,0%,0%,0,19.97
https://whattime.city/wellington,0,0,0,221,0%,0%,0,68.83
https://whattime.city/istanbul/guide/time-difference/,0,0,2,193,0%,0%,16,23.44
https://whattime.city/salt-lake-city/,0,0,1,187,0%,0%,5,62.76
https://whattime.city/tallinn/,0,0,0,136,0%,0%,0,49.65
https://whattime.city/las-palmas/,0,0,0,116,0%,0%,0,52.02
https://whattime.city/amsterdam/guide/time-zones/,0,0,0,113,0%,0%,0,63.65
https://whattime.city/chicago/guide/time-zones/,0,0,0,113,0%,0%,0,65.27
https://whattime.city/dubai/guide/time-zones/,0,0,0,95,0%,0%,0,68.64
https://whattime.city/time/hong-kong/san-francisco/,0,0,0,93,0%,0%,0,18.48
https://whattime.city/time/lagos/rio-de-janeiro/,0,0,0,92,0%,0%,0,14.98
https://whattime.city/time/seattle/san-francisco/,0,0,0,83,0%,0%,0,10.17
https://whattime.city/time/san-francisco/delhi/,0,0,0,83,0%,0%,0,15.35
https://whattime.city/country/austria/,0,0,0,80,0%,0%,0,56.4
https://whattime.city/san-francisco/guide/travel-guide/,0,0,0,76,0%,0%,0,76.18
https://whattime.city/toronto/guide/time-zones/,0,0,0,74,0%,0%,0,70.07
https://whattime.city/time/moscow/london/,0,0,3,63,0%,0%,11,12.6
https://whattime.city/cambridge/,0,0,3,63,0%,0%,13.67,40.97
https://whattime.city/country/puerto-rico/,0,0,3,62,0%,0%,64.67,61.84
https://whattime.city/time/san-francisco/lisbon/,0,0,0,61,0%,0%,0,10.75
https://whattime.city/time/los-angeles/dublin/,0,0,2,60,0%,0%,11,15.5
https://whattime.city/country/sri-lanka/,0,0,0,58,0%,0%,0,68.38
https://whattime.city/taipei/,0,0,0,58,0%,0%,0,68.71
https://whattime.city/istanbul/guide/time-zones/,0,0,1,54,0%,0%,20,24.07
https://whattime.city/cinque-terre/,0,0,0,53,0%,0%,0,6.3
https://whattime.city/time/shanghai/hong-kong/,0,0,0,53,0%,0%,0,8.81
https://whattime.city/time/madrid/mexico-city/,0,0,0,53,0%,0%,0,15.25
https://whattime.city/lucerne/,0,0,0,52,0%,0%,0,54.56
https://whattime.city/kanyakumari/,0,0,0,51,0%,0%,0,11.35
https://whattime.city/time/istanbul/san-francisco/,0,0,0,51,0%,0%,0,14.39
https://whattime.city/time/san-francisco/sydney/,0,0,0,51,0%,0%,0,16.84
https://whattime.city/time/san-francisco/new-york/,0,0,0,50,0%,0%,0,17.94
https://whattime.city/kurukshetra/,0,0,0,49,0%,0%,0,9.39
https://whattime.city/time/beijing/san-francisco/,0,0,0,49,0%,0%,0,16.55
https://whattime.city/time/melbourne/new-york/,0,0,0,49,0%,0%,0,18.92
https://whattime.city/time/san-francisco/cairo/,0,0,0,47,0%,0%,0,10.09
https://whattime.city/time/johannesburg/mexico-city/,0,0,0,47,0%,0%,0,14.4
https://whattime.city/time/new-york/singapore/,0,0,1,47,0%,0%,10,15.64
https://whattime.city/time/madrid/lagos/,0,0,1,46,0%,0%,12,13.07
https://whattime.city/time/sydney/toronto/,0,0,0,45,0%,0%,0,15.93
https://whattime.city/time/dublin/san-francisco/,0,0,0,45,0%,0%,0,16.82
https://whattime.city/country/myanmar/,0,0,1,45,0%,0%,19,17.8
https://whattime.city/time/manila/chicago/,0,0,0,44,0%,0%,0,14.48
https://whattime.city/time/manila/sydney/,0,0,0,44,0%,0%,0,15.09
https://whattime.city/time/singapore/bangkok/,0,0,0,44,0%,0%,0,37.57
https://whattime.city/time/manila/lagos/,0,0,3,43,0%,0%,12.33,21.74
https://whattime.city/time/shenzhen/manila/,0,0,3,42,0%,0%,10,9.57
https://whattime.city/time/lagos/dallas/,0,0,3,42,0%,0%,11.67,12
https://whattime.city/time/berlin/san-francisco/,0,0,0,42,0%,0%,0,16.17
https://whattime.city/time/buenos-aires/barcelona/,0,0,2,41,0%,0%,10.5,8.22
https://whattime.city/time/toronto/melbourne/,0,0,0,41,0%,0%,0,11.22
https://whattime.city/time/san-francisco/amsterdam/,0,0,0,41,0%,0%,0,13.12
https://whattime.city/tijuana/,0,0,0,41,0%,0%,0,58.46
https://whattime.city/time/dubai/rio-de-janeiro/,0,0,2,40,0%,0%,9.5,9.72
https://whattime.city/time/san-francisco/bangkok/,0,0,0,40,0%,0%,0,16.75
https://whattime.city/ayodhya/,0,0,1,39,0%,0%,12,10.15
https://whattime.city/hakuba/,0,0,3,39,0%,0%,9.33,10.21
https://whattime.city/time/manila/amsterdam/,0,0,0,39,0%,0%,0,12
https://whattime.city/time/new-york/dubai/,0,0,1,39,0%,0%,12,23.82
https://whattime.city/queenstown/,0,0,0,39,0%,0%,0,64.9
https://whattime.city/time/chicago/rio-de-janeiro/,0,0,0,38,0%,0%,0,10.39
https://whattime.city/horsley-hills/,0,0,0,37,0%,0%,0,9.22
https://whattime.city/time/bangkok/buenos-aires/,0,0,0,37,0%,0%,0,15.22
https://whattime.city/time/paris/san-francisco/,0,0,0,37,0%,0%,0,16.84
https://whattime.city/time/mexico-city/lagos/,0,0,3,37,0%,0%,14.33,19.38
https://whattime.city/como/,0,0,3,37,0%,0%,8.33,30.27
https://whattime.city/marbella/,0,0,0,36,0%,0%,0,33.44
https://whattime.city/coorg/,0,0,1,35,0%,0%,12,7.86
https://whattime.city/time/amsterdam/seattle/,0,0,3,35,0%,0%,10.67,17.09
https://whattime.city/time/new-york/sydney/,0,0,1,35,0%,0%,13,27.69
https://whattime.city/country/el-salvador/,0,0,3,35,0%,0%,10.33,46.66
https://whattime.city/country/colombia/,0,0,1,34,0%,0%,20,4.32
https://whattime.city/time/sydney/chicago/,0,0,2,34,0%,0%,11,13.26
https://whattime.city/time/toronto/istanbul/,0,0,2,34,0%,0%,11.5,14.24
https://whattime.city/time/london/melbourne/,0,0,0,34,0%,0%,0,19.15
https://whattime.city/oklahoma-city/,0,0,0,34,0%,0%,0,36.97
https://whattime.city/harrisburg/,0,0,0,34,0%,0%,0,55.29
https://whattime.city/time/tel-aviv/rio-de-janeiro/,0,0,3,33,0%,0%,9.33,10.09
https://whattime.city/time/amsterdam/istanbul/,0,0,0,33,0%,0%,0,10.67
https://whattime.city/time/dallas/doha/,0,0,3,33,0%,0%,11,12.82
https://whattime.city/time/beijing/seattle/,0,0,0,33,0%,0%,0,14.03
https://whattime.city/time/london/bangkok/,0,0,3,33,0%,0%,9,16.15
https://whattime.city/lakeland/,0,0,0,33,0%,0%,0,30.85
https://whattime.city/freetown/,0,0,0,33,0%,0%,0,51.33
https://whattime.city/country/vanuatu/,0,0,3,33,0%,0%,55.67,55.21
https://whattime.city/country/monaco/,0,0,2,33,0%,0%,65.5,59.21
https://whattime.city/time/manila/bangkok/,0,0,0,32,0%,0%,0,13.22
https://whattime.city/time/san-francisco/melbourne/,0,0,3,32,0%,0%,10,14.28
https://whattime.city/time/berlin/sydney/,0,0,1,32,0%,0%,11,16.72
https://whattime.city/time/new-york/beijing/,0,0,0,32,0%,0%,0,20.97
https://whattime.city/time/buenos-aires/bangkok/,0,0,0,32,0%,0%,0,22.19
https://whattime.city/davao/,0,0,0,32,0%,0%,0,76.94
https://whattime.city/rann-of-kutch/,0,0,0,31,0%,0%,0,7.35
https://whattime.city/time/rio-de-janeiro/san-francisco/,0,0,1,31,0%,0%,10,11
https://whattime.city/hampi/,0,0,0,31,0%,0%,0,11.52
https://whattime.city/time/toronto/riyadh/,0,0,2,31,0%,0%,8,12.13
https://whattime.city/time/london/chicago/,0,0,3,31,0%,0%,11.67,12.61
https://whattime.city/time/madrid/miami/,0,0,2,31,0%,0%,11,14.16
https://whattime.city/time/dubai/melbourne/,0,0,0,30,0%,0%,0,12.57
https://whattime.city/time/melbourne/doha/,0,0,3,30,0%,0%,9.67,13.43
https://whattime.city/time/san-francisco/los-angeles/,0,0,0,30,0%,0%,0,18.07
https://whattime.city/time/vancouver/hong-kong/,0,0,1,30,0%,0%,12,18.1
https://whattime.city/time/shenzhen/beijing/,0,0,3,29,0%,0%,9.67,7.55
https://whattime.city/time/doha/auckland/,0,0,2,29,0%,0%,10,9.48
https://whattime.city/time/lisbon/cairo/,0,0,1,29,0%,0%,9,10.52
https://whattime.city/time/dallas/toronto/,0,0,3,29,0%,0%,10.67,10.86
https://whattime.city/time/dallas/tokyo/,0,0,1,29,0%,0%,9,13.24
https://whattime.city/time/zurich/toronto/,0,0,3,29,0%,0%,14.67,15.34
https://whattime.city/time/new-york/dublin/,0,0,0,29,0%,0%,0,16.14
https://whattime.city/time/barcelona/los-angeles/,0,0,1,29,0%,0%,12,17.9
https://whattime.city/time/sydney/seattle/,0,0,0,29,0%,0%,0,20.34
https://whattime.city/time/lisbon/rome/,0,0,0,28,0%,0%,0,10.68
https://whattime.city/time/boston/beijing/,0,0,0,28,0%,0%,0,11.21
https://whattime.city/time/madrid/cairo/,0,0,0,28,0%,0%,0,12.29
https://whattime.city/time/doha/chicago/,0,0,1,28,0%,0%,16,13.71
https://whattime.city/time/dallas/nairobi/,0,0,2,28,0%,0%,11,13.93
https://whattime.city/time/dallas/sydney/,0,0,2,28,0%,0%,15.5,14.32
https://whattime.city/time/chicago/boston/,0,0,0,28,0%,0%,0,14.68
https://whattime.city/time/cairo/vancouver/,0,0,0,28,0%,0%,0,15
https://whattime.city/time/boston/sydney/,0,0,2,28,0%,0%,11.5,16.18
https://whattime.city/time/singapore/new-york/,0,0,1,28,0%,0%,17,16.93
https://whattime.city/time/johannesburg/london/,0,0,0,28,0%,0%,0,18.07
https://whattime.city/indianapolis/,0,0,0,28,0%,0%,0,63.96
https://whattime.city/amsterdam/guide/24-hours-itinerary/,0,0,0,28,0%,0%,0,75.07
https://whattime.city/time/amsterdam/seoul/,0,0,0,27,0%,0%,0,9.33
https://whattime.city/time/tel-aviv/miami/,0,0,0,27,0%,0%,0,10.44
https://whattime.city/time/san-francisco/johannesburg/,0,0,0,27,0%,0%,0,10.81
https://whattime.city/time/los-angeles/tel-aviv/,0,0,3,27,0%,0%,14,10.89
https://whattime.city/time/bangkok/manila/,0,0,2,27,0%,0%,9,13.89
https://whattime.city/time/boston/tokyo/,0,0,0,27,0%,0%,0,17.04
https://whattime.city/time/new-york/hong-kong/,0,0,1,27,0%,0%,10,18.7
https://whattime.city/time/new-york/rome/,0,0,3,27,0%,0%,10,20.41
https://whattime.city/time/nairobi/new-york/,0,0,0,27,0%,0%,0,20.78
https://whattime.city/time/bangkok/zurich/,0,0,0,26,0%,0%,0,16.08
https://whattime.city/time/dublin/sydney/,0,0,3,26,0%,0%,14.67,19.54
https://whattime.city/time/hong-kong/vancouver/,0,0,2,26,0%,0%,10,21.77
https://whattime.city/time/melbourne/london/,0,0,1,26,0%,0%,11,22.96
https://whattime.city/norwich/,0,0,0,26,0%,0%,0,48.81
https://whattime.city/time/guangzhou/beijing/,0,0,0,25,0%,0%,0,8.72
https://whattime.city/time/bangkok/guangzhou/,0,0,0,25,0%,0%,0,9.24
https://whattime.city/time/istanbul/seattle/,0,0,0,25,0%,0%,0,10.08
https://whattime.city/time/lisbon/zurich/,0,0,1,25,0%,0%,12,10.4
https://whattime.city/time/kuala-lumpur/istanbul/,0,0,0,25,0%,0%,0,10.72
https://whattime.city/time/manila/cairo/,0,0,0,25,0%,0%,0,10.76
https://whattime.city/time/moscow/rio-de-janeiro/,0,0,3,25,0%,0%,20.33,13.56
https://whattime.city/time/dubai/sydney/,0,0,0,25,0%,0%,0,14.52
https://whattime.city/time/nairobi/lagos/,0,0,0,25,0%,0%,0,14.76
https://whattime.city/time/sydney/berlin/,0,0,3,25,0%,0%,9.67,18.2
https://whattime.city/time/los-angeles/beijing/,0,0,2,25,0%,0%,7.5,23.12
https://whattime.city/country/mongolia/,0,0,1,25,0%,0%,57,34.56
https://whattime.city/mcleodganj/,0,0,1,24,0%,0%,3,4.58
https://whattime.city/chicago/guide/,0,0,0,24,0%,0%,0,9.88
https://whattime.city/time/guangzhou/toronto/,0,0,0,24,0%,0%,0,10.12
https://whattime.city/time/rio-de-janeiro/manila/,0,0,0,24,0%,0%,0,11.25
https://whattime.city/assisi/,0,0,0,24,0%,0%,0,11.75
https://whattime.city/paris/guide/call-times/,0,0,2,24,0%,0%,12,12.21
https://whattime.city/miami,0,0,1,24,0%,0%,8,12.67
https://whattime.city/time/singapore/boston/,0,0,3,24,0%,0%,10,12.96
https://whattime.city/time/san-francisco/seoul/,0,0,0,24,0%,0%,0,14.54
https://whattime.city/time/melbourne/boston/,0,0,1,24,0%,0%,11,15.04
https://whattime.city/time/seattle/sydney/,0,0,0,24,0%,0%,0,16.75
https://whattime.city/time/cairo/singapore/,0,0,1,24,0%,0%,9,23.33
https://whattime.city/time/singapore/dublin/,0,0,3,24,0%,0%,8.33,25.79
https://whattime.city/time/frankfurt/tokyo/,0,0,3,23,0%,0%,9.33,10.04
https://whattime.city/time/seattle/amsterdam/,0,0,2,23,0%,0%,10.5,11.91
https://whattime.city/time/doha/san-francisco/,0,0,0,23,0%,0%,0,12
https://whattime.city/time/johannesburg/san-francisco/,0,0,2,23,0%,0%,10,12.35
https://whattime.city/time/toronto/lisbon/,0,0,3,23,0%,0%,8.33,12.61
https://whattime.city/time/beijing/melbourne/,0,0,0,23,0%,0%,0,13.52
https://whattime.city/time/istanbul/paris/,0,0,1,23,0%,0%,11,13.74
https://whattime.city/time/vancouver/amsterdam/,0,0,2,23,0%,0%,9.5,13.83
https://whattime.city/time/sydney/singapore/,0,0,0,23,0%,0%,0,19.39
https://whattime.city/time/dubai/dublin/,0,0,2,23,0%,0%,9.5,20.35
https://whattime.city/san-luis-potosi/,0,0,0,23,0%,0%,0,31.52
https://whattime.city/country/uzbekistan/,0,0,1,23,0%,0%,39,37.04
https://whattime.city/time/melbourne/sydney,0,0,0,23,0%,0%,0,53.87
https://whattime.city/toronto/guide/call-times/,0,0,0,22,0%,0%,0,7.09
https://whattime.city/time/guangzhou/manila/,0,0,0,22,0%,0%,0,9.09
https://whattime.city/time/rio-de-janeiro/abu-dhabi/,0,0,3,22,0%,0%,9,9.45
https://whattime.city/time/rio-de-janeiro/boston/,0,0,2,22,0%,0%,11,10.86
https://whattime.city/time/rome/melbourne/,0,0,3,22,0%,0%,10.67,10.91
https://whattime.city/time/istanbul/amsterdam/,0,0,2,22,0%,0%,10.5,10.95
https://whattime.city/time/manila/istanbul/,0,0,2,22,0%,0%,15,12
https://whattime.city/time/boston/tel-aviv/,0,0,3,22,0%,0%,9.67,12.5
https://whattime.city/time/guangzhou/auckland/,0,0,2,22,0%,0%,12,13.27
https://whattime.city/time/paris/seattle/,0,0,0,22,0%,0%,0,13.82
https://whattime.city/time/berlin/seattle/,0,0,2,22,0%,0%,10.5,13.86
https://whattime.city/time/london/amsterdam/,0,0,2,22,0%,0%,7.5,15.27
https://whattime.city/time/paris/singapore/,0,0,3,22,0%,0%,10.33,16.09
https://whattime.city/saint-tropez/,0,0,0,22,0%,0%,0,20
https://whattime.city/country/nigeria/,0,0,3,22,0%,0%,14,24
https://whattime.city/acapulco/,0,0,1,22,0%,0%,5,29.91
https://whattime.city/seoul/guide/time-zones/,0,0,0,22,0%,0%,0,72.86
https://whattime.city/time/seattle/shenzhen/,0,0,1,21,0%,0%,11,9.33
https://whattime.city/time/guangzhou/hong-kong/,0,0,3,21,0%,0%,11,10
https://whattime.city/time/frankfurt/berlin/,0,0,3,21,0%,0%,10.67,10.14
https://whattime.city/time/seattle/singapore/,0,0,0,21,0%,0%,0,10.29
https://whattime.city/time/rio-de-janeiro/dallas/,0,0,3,21,0%,0%,10.67,10.62
https://whattime.city/time/dallas/cairo/,0,0,2,21,0%,0%,11,10.86
https://whattime.city/time/doha/cairo/,0,0,3,21,0%,0%,10.33,10.9
https://whattime.city/time/rio-de-janeiro/sao-paulo/,0,0,1,21,0%,0%,11,11.05
https://whattime.city/time/rio-de-janeiro/dubai/,0,0,3,21,0%,0%,8.67,11.19
https://whattime.city/time/paris/melbourne/,0,0,0,21,0%,0%,0,11.33
https://whattime.city/time/seattle/istanbul/,0,0,0,21,0%,0%,0,12.19
https://whattime.city/time/chicago/istanbul/,0,0,2,21,0%,0%,13.5,12.95
https://whattime.city/time/bangkok/vancouver/,0,0,2,21,0%,0%,11.5,13.1
https://whattime.city/time/sydney/tokyo,0,0,0,21,0%,0%,0,14.52
https://whattime.city/time/toronto/abu-dhabi/,0,0,0,21,0%,0%,0,14.76
https://whattime.city/time/toronto/berlin/,0,0,2,21,0%,0%,12,15.76
https://whattime.city/time/lagos/istanbul/,0,0,0,21,0%,0%,0,17.05
https://whattime.city/cambridge-ma/,0,0,0,21,0%,0%,0,43.9
https://whattime.city/country/iraq/,0,0,0,21,0%,0%,0,49.05
https://whattime.city/lille/,0,0,2,21,0%,0%,8.5,55.05
https://whattime.city/country/montenegro/,0,0,2,21,0%,0%,75,56.19
https://whattime.city/time/san-francisco/vancouver/,0,0,2,20,0%,0%,9,9.85
https://whattime.city/time/riyadh/doha/,0,0,3,20,0%,0%,9.33,9.95
https://whattime.city/time/abu-dhabi/moscow/,0,0,3,20,0%,0%,9,10
https://whattime.city/time/rome/tehran/,0,0,2,20,0%,0%,11.5,10.15
https://whattime.city/time/seoul/seattle/,0,0,0,20,0%,0%,0,10.45
https://whattime.city/time/amsterdam/madrid/,0,0,0,20,0%,0%,0,11.35
https://whattime.city/time/amsterdam/abu-dhabi/,0,0,0,20,0%,0%,0,11.4
https://whattime.city/time/mexico-city/tokyo/,0,0,0,20,0%,0%,0,12.45
https://whattime.city/time/toronto/bangkok/,0,0,2,20,0%,0%,11.5,12.85
https://whattime.city/time/manila/melbourne/,0,0,0,20,0%,0%,0,13.1
https://whattime.city/time/amsterdam/bangkok/,0,0,0,20,0%,0%,0,13.2
https://whattime.city/time/singapore/tokyo/,0,0,3,20,0%,0%,9.33,13.6
https://whattime.city/time/abu-dhabi/toronto/,0,0,0,20,0%,0%,0,14.45
https://whattime.city/time/istanbul/sydney/,0,0,2,20,0%,0%,9,14.95
https://whattime.city/time/seoul/new-york/,0,0,3,20,0%,0%,10.33,15
https://whattime.city/sydney/guide/time-zones/,0,0,3,20,0%,0%,16,15.55
https://whattime.city/time/amsterdam/dubai/,0,0,1,20,0%,0%,12,19.95
https://whattime.city/grenoble/,0,0,0,20,0%,0%,0,21.4
https://whattime.city/time/berlin/mexico-city/,0,0,1,20,0%,0%,12,22.2
https://whattime.city/time/beijing/mexico-city/,0,0,1,20,0%,0%,12,24.55
https://whattime.city/chiang-mai/,0,0,0,20,0%,0%,0,42.9
https://whattime.city/country/jamaica/,0,0,1,20,0%,0%,11,70.95
https://whattime.city/country/kiribati/,0,0,2,20,0%,0%,79.5,71.95
https://whattime.city/damascus/,0,0,0,20,0%,0%,0,72.95
https://whattime.city/kedarnath/,0,0,0,19,0%,0%,0,8.26
https://whattime.city/time/shanghai/dublin/,0,0,1,19,0%,0%,20,10
https://whattime.city/time/amsterdam/dallas/,0,0,3,19,0%,0%,11.33,10.21
https://whattime.city/time/dallas/seattle/,0,0,0,19,0%,0%,0,10.42
https://whattime.city/time/vancouver/frankfurt/,0,0,0,19,0%,0%,0,10.47
https://whattime.city/time/dallas/rio-de-janeiro/,0,0,2,19,0%,0%,12,10.79
https://whattime.city/time/guangzhou/lagos/,0,0,0,19,0%,0%,0,11.37
https://whattime.city/country/philippines/,0,0,0,19,0%,0%,0,11.63
https://whattime.city/time/lagos/madrid/,0,0,2,19,0%,0%,11.5,11.95
https://whattime.city/time/seoul/london/,0,0,1,19,0%,0%,8,12.42
https://whattime.city/beijing/guide/time-business/,0,0,1,19,0%,0%,11,13.32
https://whattime.city/time/madrid/chicago/,0,0,0,19,0%,0%,0,14.47
https://whattime.city/time/london/dubai/,0,0,0,19,0%,0%,0,14.74
https://whattime.city/time/new-york/manila/,0,0,3,19,0%,0%,10.33,14.89
https://whattime.city/time/london/shanghai/,0,0,2,19,0%,0%,12,15.58
https://whattime.city/time/beijing/toronto/,0,0,0,19,0%,0%,0,16.26
https://whattime.city/time/new-york/mexico-city/,0,0,1,19,0%,0%,20,17.16
https://whattime.city/time/abu-dhabi/new-york/,0,0,2,19,0%,0%,20,21.26
https://whattime.city/parma/,0,0,0,19,0%,0%,0,27.79
https://whattime.city/delhi/guide/time-zones/,0,0,0,19,0%,0%,0,33.89
https://whattime.city/london/guide/time-zones/,0,0,0,19,0%,0%,0,64.74
https://whattime.city/shanghai/guide/travel-guide/,0,0,0,19,0%,0%,0,85.74
https://whattime.city/time/shanghai/singapore/,0,0,0,18,0%,0%,0,10.44
https://whattime.city/time/tokyo/rio-de-janeiro/,0,0,0,18,0%,0%,0,10.67
https://whattime.city/time/toronto/mexico-city/,0,0,3,18,0%,0%,10.33,10.89
https://whattime.city/time/amsterdam/chicago/,0,0,0,18,0%,0%,0,10.94
https://whattime.city/time/sao-paulo/rio-de-janeiro/,0,0,1,18,0%,0%,3,11.06
https://whattime.city/time/dallas/boston/,0,0,0,18,0%,0%,0,11.28
https://whattime.city/time/paris/tokyo/,0,0,3,18,0%,0%,9.33,11.28
https://whattime.city/time/chicago/dubai/,0,0,3,18,0%,0%,17.67,11.83
https://whattime.city/time/manila/seattle/,0,0,0,18,0%,0%,0,12.11
https://whattime.city/time/london/manila/,0,0,1,18,0%,0%,12,12.17
https://whattime.city/darjeeling/,0,0,0,18,0%,0%,0,12.39
https://whattime.city/time/beijing/shanghai/,0,0,0,18,0%,0%,0,12.56
https://whattime.city/time/sydney/tel-aviv/,0,0,3,18,0%,0%,17.33,12.67
https://whattime.city/time/amsterdam/singapore/,0,0,1,18,0%,0%,11,12.83
https://whattime.city/time/johannesburg/lagos/,0,0,1,18,0%,0%,10,13.39
https://whattime.city/time/los-angeles/amsterdam/,0,0,3,18,0%,0%,11.33,13.67
https://whattime.city/time/singapore/shanghai/,0,0,3,18,0%,0%,11,14.06
https://whattime.city/time/mexico-city/madrid/,0,0,0,18,0%,0%,0,14.39
https://whattime.city/osan/,0,0,0,18,0%,0%,0,15.17
https://whattime.city/time/tel-aviv/sao-paulo/,0,0,2,18,0%,0%,9.5,16.44
https://whattime.city/time/melbourne/hong-kong/,0,0,0,18,0%,0%,0,16.94
https://whattime.city/country/cambodia/,0,0,1,18,0%,0%,18,17.11
https://whattime.city/time/madrid/sydney/,0,0,0,18,0%,0%,0,18.5
https://whattime.city/time/lagos/moscow/,0,0,0,18,0%,0%,0,19.39
https://whattime.city/moscow/guide/travel-guide/,0,0,0,18,0%,0%,0,50.06
https://whattime.city/country/mali/,0,0,0,18,0%,0%,0,61.11
https://whattime.city/kumbhalgarh/,0,0,0,17,0%,0%,0,6.88
https://whattime.city/time/kuala-lumpur/shenzhen/,0,0,0,17,0%,0%,0,8.65
https://whattime.city/time/doha/guangzhou/,0,0,1,17,0%,0%,11,9.29
https://whattime.city/nainital/,0,0,0,17,0%,0%,0,9.65
https://whattime.city/time/istanbul/cairo/,0,0,2,17,0%,0%,10.5,9.94
https://whattime.city/time/boston/rome/,0,0,1,17,0%,0%,12,10.24
https://whattime.city/time/bangkok/rio-de-janeiro/,0,0,2,17,0%,0%,9.5,10.47
https://whattime.city/time/lisbon/seoul/,0,0,0,17,0%,0%,0,10.47
https://whattime.city/time/rio-de-janeiro/toronto/,0,0,2,17,0%,0%,11.5,10.88
https://whattime.city/baghdad/,0,0,1,17,0%,0%,19,10.94
https://whattime.city/time/bangkok/cairo/,0,0,0,17,0%,0%,0,11.06
https://whattime.city/time/boston/los-angeles/,0,0,2,17,0%,0%,12,11.29
https://whattime.city/geoje/,0,0,2,17,0%,0%,9,11.47
https://whattime.city/time/sao-paulo/bangkok/,0,0,1,17,0%,0%,11,11.76
https://whattime.city/time/vienna/dublin/,0,0,2,17,0%,0%,9.5,11.82
https://whattime.city/time/singapore/los-angeles/,0,0,0,17,0%,0%,0,12.47
https://whattime.city/time/vienna/london/,0,0,0,17,0%,0%,0,12.47
https://whattime.city/time/cairo/boston/,0,0,1,17,0%,0%,12,12.88
https://whattime.city/time/johannesburg/sydney/,0,0,1,17,0%,0%,16,13.41
https://whattime.city/time/boston/abu-dhabi/,0,0,3,17,0%,0%,9.33,13.53
https://whattime.city/country/czech-republic,0,0,0,17,0%,0%,0,14.71
https://whattime.city/time/boston/lagos/,0,0,1,17,0%,0%,9,14.82
https://whattime.city/time/chicago/lagos/,0,0,0,17,0%,0%,0,15.12
https://whattime.city/time/chicago/melbourne/,0,0,0,17,0%,0%,0,15.12
https://whattime.city/time/manila/abu-dhabi/,0,0,0,17,0%,0%,0,15.12
https://whattime.city/time/manila/berlin/,0,0,0,17,0%,0%,0,15.82
https://whattime.city/time/manila/nairobi/,0,0,1,17,0%,0%,12,15.88
https://whattime.city/time/bangkok/singapore/,0,0,2,17,0%,0%,10.5,16.24
https://whattime.city/time/singapore/dubai/,0,0,2,17,0%,0%,11,16.65
https://whattime.city/time/paris/hong-kong/,0,0,3,17,0%,0%,9,16.71
https://whattime.city/time/madrid/melbourne/,0,0,1,17,0%,0%,12,16.82
https://whattime.city/time/new-york/cairo/,0,0,1,17,0%,0%,10,18.41
https://whattime.city/buenos-aires/guide/time-zones/,0,0,0,17,0%,0%,0,41.53
https://whattime.city/country/angola/,0,0,2,17,0%,0%,12.5,70.65
https://whattime.city/toronto/guide/travel-guide/,0,0,0,17,0%,0%,0,80.47
https://whattime.city/lambasingi/,0,0,0,16,0%,0%,0,7.25
https://whattime.city/time/shenzhen/seoul/,0,0,0,16,0%,0%,0,8.25
https://whattime.city/time/guangzhou/bangkok/,0,0,0,16,0%,0%,0,8.44
https://whattime.city/tengchong/,0,0,1,16,0%,0%,8,9.38
https://whattime.city/time/guangzhou/delhi/,0,0,2,16,0%,0%,9,9.38
https://whattime.city/time/delhi/dubai/,0,0,3,16,0%,0%,11.33,9.81
https://whattime.city/time/rio-de-janeiro/chicago/,0,0,0,16,0%,0%,0,9.94
https://whattime.city/time/tel-aviv/new-york/,0,0,2,16,0%,0%,8,10.25
https://whattime.city/time/guangzhou/sydney/,0,0,0,16,0%,0%,0,10.38
https://whattime.city/time/san-francisco/dallas/,0,0,0,16,0%,0%,0,10.38
https://whattime.city/time/manila/san-francisco/,0,0,0,16,0%,0%,0,10.44
https://whattime.city/time/manila/johannesburg/,0,0,0,16,0%,0%,0,10.69
https://whattime.city/time/london/abu-dhabi/,0,0,0,16,0%,0%,0,10.75
https://whattime.city/time/amsterdam/zurich/,0,0,3,16,0%,0%,10,10.94
https://whattime.city/time/boston/chicago/,0,0,0,16,0%,0%,0,11
https://whattime.city/time/berlin/barcelona/,0,0,3,16,0%,0%,9.33,11.12
https://whattime.city/time/madrid/rome/,0,0,3,16,0%,0%,17,11.88
https://whattime.city/time/beijing/cairo/,0,0,1,16,0%,0%,11,12
https://whattime.city/time/seoul/amsterdam/,0,0,0,16,0%,0%,0,12.69
https://whattime.city/time/boston/bangkok/,0,0,3,16,0%,0%,9.67,14.06
https://whattime.city/time/madrid/boston/,0,0,3,16,0%,0%,14.67,14.38
https://whattime.city/time/chicago/madrid/,0,0,0,16,0%,0%,0,14.44
https://whattime.city/time/melbourne/rome/,0,0,0,16,0%,0%,0,15.94
https://whattime.city/time/moscow/nairobi/,0,0,1,16,0%,0%,9,16.25
https://whattime.city/time/beijing/los-angeles/,0,0,0,16,0%,0%,0,16.31
https://whattime.city/time/vancouver/singapore/,0,0,0,16,0%,0%,0,16.5
https://whattime.city/time/toronto/mumbai/,0,0,2,16,0%,0%,10.5,16.81
https://whattime.city/time/london/boston/,0,0,1,16,0%,0%,32,16.88
https://whattime.city/time/london/tokyo/,0,0,0,16,0%,0%,0,17.19
https://whattime.city/time/shanghai/los-angeles/,0,0,1,16,0%,0%,13,18.12
https://whattime.city/time/mexico-city/london/,0,0,1,16,0%,0%,11,19.5
https://whattime.city/time/new-york/barcelona/,0,0,1,16,0%,0%,12,19.69
https://whattime.city/time/lisbon/new-york/,0,0,3,16,0%,0%,21.33,21.62
https://whattime.city/time/chicago/frankfurt/,0,0,2,16,0%,0%,11,29.88
https://whattime.city/omsk/,0,0,0,16,0%,0%,0,45
https://whattime.city/country/burkina-faso/,0,0,3,16,0%,0%,83.33,81.31
https://whattime.city/dublin/guide/travel-guide/,0,0,1,16,0%,0%,99,87.19
https://whattime.city/dangjin/,0,0,1,15,0%,0%,6,7.27
https://whattime.city/lonavala/,0,0,0,15,0%,0%,0,8.33
https://whattime.city/kawasaki/,0,0,0,15,0%,0%,0,9
https://whattime.city/time/madrid/amsterdam/,0,0,3,15,0%,0%,10,9.33
https://whattime.city/time/saint-petersburg/tokyo/,0,0,0,15,0%,0%,0,9.87
https://whattime.city/time/chicago/seoul/,0,0,1,15,0%,0%,11,10
https://whattime.city/istanbul/guide/time-business/,0,0,0,15,0%,0%,0,10.07
https://whattime.city/time/cairo/abu-dhabi/,0,0,0,15,0%,0%,0,10.13
https://whattime.city/time/manila/sao-paulo/,0,0,1,15,0%,0%,10,10.13
https://whattime.city/time/shenzhen/hong-kong/,0,0,2,15,0%,0%,7.5,10.67
https://whattime.city/time/vancouver/zurich/,0,0,0,15,0%,0%,0,10.93
https://whattime.city/time/toronto/amsterdam/,0,0,0,15,0%,0%,0,11
https://whattime.city/time/cairo/lisbon/,0,0,0,15,0%,0%,0,11.33
https://whattime.city/time/miami/buenos-aires/,0,0,1,15,0%,0%,11,11.53
https://whattime.city/time/riyadh/toronto/,0,0,2,15,0%,0%,10.5,11.53
https://whattime.city/rome/guide/time-business/,0,0,1,15,0%,0%,9,11.73
https://whattime.city/time/dallas/shanghai/,0,0,0,15,0%,0%,0,11.8
https://whattime.city/time/johannesburg/singapore/,0,0,1,15,0%,0%,12,11.93
https://whattime.city/time/amsterdam/los-angeles/,0,0,2,15,0%,0%,10.5,12
https://whattime.city/time/miami/mexico-city/,0,0,0,15,0%,0%,0,12
https://whattime.city/time/miami/istanbul/,0,0,1,15,0%,0%,11,12.07
https://whattime.city/time/nairobi/manila/,0,0,3,15,0%,0%,8.33,12.13
https://whattime.city/time/amsterdam/miami/,0,0,0,15,0%,0%,0,12.2
https://whattime.city/time/lisbon/istanbul/,0,0,2,15,0%,0%,9.5,12.27
https://whattime.city/time/shanghai/tokyo/,0,0,3,15,0%,0%,10,12.27
https://whattime.city/time/seattle/shanghai/,0,0,2,15,0%,0%,9.5,12.4
https://whattime.city/time/chicago/doha/,0,0,3,15,0%,0%,8.33,12.73
https://whattime.city/time/los-angeles/boston/,0,0,0,15,0%,0%,0,12.8
https://whattime.city/time/cairo/toronto/,0,0,3,15,0%,0%,32.33,12.87
https://whattime.city/time/san-francisco/toronto/,0,0,0,15,0%,0%,0,13.13
https://whattime.city/time/shanghai/sydney/,0,0,2,15,0%,0%,12.5,13.2
https://whattime.city/time/dublin/bangkok/,0,0,3,15,0%,0%,11.33,13.8
https://whattime.city/time/singapore/seoul/,0,0,1,15,0%,0%,12,13.87
https://whattime.city/time/johannesburg/dallas/,0,0,1,15,0%,0%,12,14.07
https://whattime.city/time/barcelona/london/,0,0,2,15,0%,0%,12,14.4
https://whattime.city/time/dubai/seoul/,0,0,1,15,0%,0%,11,14.87
https://whattime.city/time/rio-de-janeiro/tokyo/,0,0,3,15,0%,0%,11,15.13
https://whattime.city/time/amsterdam/hong-kong/,0,0,0,15,0%,0%,0,15.27
https://whattime.city/time/toronto/paris/,0,0,2,15,0%,0%,11.5,15.4
https://whattime.city/time/buenos-aires/mexico-city/,0,0,0,15,0%,0%,0,16.2
https://whattime.city/time/new-york/tel-aviv/,0,0,0,15,0%,0%,0,16.4
https://whattime.city/time/new-york/amsterdam/,0,0,3,15,0%,0%,10,16.6
https://whattime.city/time/mumbai/delhi/,0,0,3,15,0%,0%,8.67,16.67
https://whattime.city/time/berlin/london/,0,0,3,15,0%,0%,10.67,17.53
https://whattime.city/time/boston/melbourne/,0,0,0,15,0%,0%,0,17.87
https://whattime.city/time/manila/rome/,0,0,0,15,0%,0%,0,19.2
https://whattime.city/san-francisco/guide/time-zones/,0,0,1,15,0%,0%,20,19.8
https://whattime.city/time/london/new-york/,0,0,0,15,0%,0%,0,19.8
https://whattime.city/hong-kong/guide/24-hours-itinerary/,0,0,2,15,0%,0%,28,55.47
https://whattime.city/mombasa/,0,0,0,15,0%,0%,0,59.67
https://whattime.city/managua/,0,0,0,15,0%,0%,0,63.73
https://whattime.city/time/miami/frankfurt/,0,0,3,14,0%,0%,12.33,7.21
https://whattime.city/time/shenzhen/san-francisco/,0,0,2,14,0%,0%,11,9.43
https://whattime.city/time/cairo/manila/,0,0,0,14,0%,0%,0,9.86
https://whattime.city/time/dallas/rome/,0,0,2,14,0%,0%,11,10.5
https://whattime.city/time/istanbul/kuala-lumpur/,0,0,0,14,0%,0%,0,10.64
https://whattime.city/time/chicago/tel-aviv/,0,0,2,14,0%,0%,12,10.93
https://whattime.city/time/melbourne/dubai/,0,0,0,14,0%,0%,0,11
https://whattime.city/time/sao-paulo/lisbon/,0,0,2,14,0%,0%,8.5,11