Url,seo_friendly_url
https://whattime.city/aba/,False
https://whattime.city/alleppey/,False
https://whattime.city/alxa/,False
https://whattime.city/bijapur/,False
https://whattime.city/bortala/,False
https://whattime.city/dehong/,False
https://whattime.city/diqing/,False
https://whattime.city/garze/,False
https://whattime.city/goa/,False
https://whattime.city/hinggan/,False
https://whattime.city/honghe/,False
https://whattime.city/hospet/,False
https://whattime.city/ili/,False
https://whattime.city/kizilsu/,False
https://whattime.city/liangshan/,False
https://whattime.city/mysore/,False
https://whattime.city/nashik-trimbak/,False
https://whattime.city/nujiang/,False
https://whattime.city/nukualofa/,False
https://whattime.city/penang/,False
https://whattime.city/pondicherry/,False
https://whattime.city/puer/,False
https://whattime.city/qianxinan/,False
https://whattime.city/santarem-pa/,False
https://whattime.city/wulanchabu/,False
https://whattime.city/xilinhaote/,False
https://whattime.city/xishuangbanna/,False
