Url,title
https://whattime.city/about/,About whattime.city - Free World Clock & Time Zone Tools | whattime.city
https://whattime.city/amsterdam/,Current Time in Amsterdam — CET/CEST Timezone & World Clock | whattime.city
https://whattime.city/baghdad/,Current Time in Baghdad — UTC+3 Timezone & World Clock | whattime.city
https://whattime.city/berlin/,Current Time in Berlin — CET/CEST Timezone & UTC Offset | whattime.city
https://whattime.city/cairo/,Current Time in Cairo — EET/UTC+2 Timezone & World Clock | whattime.city
https://whattime.city/calgary/,Current Time in Calgary — Mountain Time Zone (MST/MDT) | whattime.city
https://whattime.city/cities/,All Cities - World Clock for 250+ Cities | whattime.city | whattime.city
https://whattime.city/contact/,"Contact whattime.city - Support, Feedback & Suggestions | whattime.city"
https://whattime.city/country/,Time Zones by Country — Current Local Time for 191 Countries | whattime.city | whattime.city
https://whattime.city/country/bosnia-and-herzegovina/,Time in Bosnia and Herzegovina - Time Zones | whattime.city | whattime.city
https://whattime.city/country/central-african-republic/,Time in Central African Republic - Time Zones | whattime.city | whattime.city
https://whattime.city/country/czech-republic/,Time in Czech Republic - Time Zones | whattime.city | whattime.city
https://whattime.city/country/dominican-republic/,Time in Dominican Republic - Time Zones | whattime.city | whattime.city
https://whattime.city/country/equatorial-guinea/,Time in Equatorial Guinea - Time Zones | whattime.city | whattime.city
https://whattime.city/country/guinea-bissau/,Time in Guinea-Bissau - Time Zones | whattime.city | whattime.city
https://whattime.city/country/liechtenstein/,Time in Liechtenstein - Time Zones | whattime.city | whattime.city
https://whattime.city/country/marshall-islands/,Time in Marshall Islands - Time Zones | whattime.city | whattime.city
https://whattime.city/country/north-macedonia/,Time in North Macedonia - Time Zones | whattime.city | whattime.city
https://whattime.city/country/papua-new-guinea/,Time in Papua New Guinea - Time Zones | whattime.city | whattime.city
https://whattime.city/country/sao-tome-and-principe/,Time in São Tomé and Príncipe - Time Zones | whattime.city | whattime.city
https://whattime.city/country/solomon-islands/,Time in Solomon Islands - Time Zones | whattime.city | whattime.city
https://whattime.city/country/trinidad-and-tobago/,Time in Trinidad and Tobago - Time Zones | whattime.city | whattime.city
https://whattime.city/country/united-arab-emirates/,Time in United Arab Emirates - Time Zones | whattime.city | whattime.city
https://whattime.city/country/united-kingdom/,Time in United Kingdom - Time Zones | whattime.city | whattime.city
https://whattime.city/country/united-states/,Time in United States - Time Zones | whattime.city | whattime.city
https://whattime.city/denizli/,"Current Time in Denizli — Timezone, UTC Offset & World Clock | whattime.city"
https://whattime.city/dubai/guide/,"Dubai Time Zone Guide | GST, Business Hours & More | whattime.city"
https://whattime.city/flight-time/,Flight Time Calculator — Arrival Time in Local Time | WhatTime.city | whattime.city
https://whattime.city/istanbul/guide/,"Istanbul Time Zone Guide | TRT, Business Hours & More | whattime.city"
https://whattime.city/london/guide/,"London Time Zone Guide | GMT/BST, Business Hours & More | whattime.city"
https://whattime.city/map/,World Time Map - Live Clock on Every Continent | whattime.city | whattime.city
https://whattime.city/moscow/,Current Time in Moscow — Moscow Standard Time (MSK/UTC+3) | whattime.city
https://whattime.city/new-york/guide/,"New York Time Zone Guide | EST/EDT, Business Hours & More | whattime.city"
https://whattime.city/newcastle/,"Current Time in Newcastle upon Tyne, United Kingdom | whattime.city"
https://whattime.city/otaru/,Current Time in Otaru — Japan Standard Time (JST/UTC+9) | whattime.city
https://whattime.city/paris/,Current Time in Paris — CET/UTC+1 Timezone & World Clock | whattime.city
https://whattime.city/paris/guide/,"Paris Time Zone Guide | CET/CEST, Business Hours & More | whattime.city"
https://whattime.city/parma/,Current Time in Parma — CET/CEST Timezone & UTC Offset | whattime.city
https://whattime.city/port-of-spain/,"Current Time in Port of Spain, Trinidad and Tobago | whattime.city"
https://whattime.city/singapore/guide/,"Singapore Time Zone Guide | SGT, Business Hours & More | whattime.city"
https://whattime.city/stratford-upon-avon/,"Current Time in Stratford-upon-Avon, United Kingdom | whattime.city"
https://whattime.city/sydney/guide/,"Sydney Time Zone Guide | AEST/AEDT, Business Hours & More | whattime.city"
https://whattime.city/tokyo/,Current Time in Tokyo — Japan Standard Time (JST/UTC+9) | whattime.city
https://whattime.city/tokyo/guide/,"Tokyo Time Zone Guide | JST, Business Hours & More | whattime.city"
https://whattime.city/vatican-city/,Time in Vatican City Now - Vatican City Local Time | whattime.city
https://whattime.city/vienna/,"Current Time in Vienna — Timezone, UTC Offset & World Clock | whattime.city"
